ORDINAL DATE,START DATE,END DATE,SOURCE,SAMPLE VALUE,SAMPLE COUNT,MEAN VALUE,MEAN COUNT,ANOM VALUE,MIN VALUE,MAX VALUE
2002-185,7/4/2002,7/11/2002,STD,0.553,144209518,0.573,168359211,-0.02,0.55,0.595
2002-193,7/12/2002,7/19/2002,STD,0.55,144405586,0.575,168411641,-0.025,0.545,0.591
2002-201,7/20/2002,7/27/2002,STD,0.542,136832536,0.576,168523343,-0.034,0.542,0.595
2002-209,7/28/2002,8/4/2002,STD,0.523,96462447,0.575,168695543,-0.052,0.523,0.593
2002-217,8/5/2002,8/12/2002,STD,0.554,137425857,0.57,168756004,-0.016,0.533,0.586
2002-225,8/13/2002,8/20/2002,STD,0.536,142948762,0.566,168791851,-0.03,0.536,0.583
2002-233,8/21/2002,8/28/2002,STD,0.533,143734543,0.564,168785512,-0.031,0.533,0.59
2002-241,8/29/2002,9/5/2002,STD,0.535,149373458,0.55,168796120,-0.015,0.509,0.575
2002-249,9/6/2002,9/13/2002,STD,0.542,133615557,0.536,168781608,0.006,0.513,0.559
2002-257,9/14/2002,9/21/2002,STD,0.492,140306234,0.523,168734539,-0.031,0.492,0.548
2002-265,9/22/2002,9/29/2002,STD,0.495,147182360,0.507,168477990,-0.012,0.474,0.53
2002-273,9/30/2002,10/7/2002,STD,0.487,144205475,0.492,167808193,-0.005,0.459,0.508
2002-281,10/8/2002,10/15/2002,STD,0.458,134845840,0.476,166022262,-0.018,0.455,0.5
2002-289,10/16/2002,10/23/2002,STD,0.464,123851226,0.46,163297886,0.004,0.439,0.474
2002-297,10/24/2002,10/31/2002,STD,0.427,98848821,0.444,157554566,-0.017,0.424,0.457
2002-305,11/1/2002,11/8/2002,STD,0.439,131661880,0.428,154788191,0.011,0.411,0.445
2002-313,11/9/2002,11/16/2002,STD,0.416,112156947,0.419,151008456,-0.003,0.405,0.442
2002-321,11/17/2002,11/24/2002,STD,0.401,121622338,0.405,149387756,-0.004,0.39,0.425
2002-329,11/25/2002,12/2/2002,STD,0.392,110148891,0.401,146218369,-0.009,0.384,0.443
2002-337,12/3/2002,12/10/2002,STD,0.385,96001643,0.397,145600841,-0.012,0.367,0.425
2002-345,12/11/2002,12/18/2002,STD,0.369,96739740,0.394,141959008,-0.025,0.369,0.417
2002-353,12/19/2002,12/26/2002,STD,0.393,88406400,0.39,137801633,0.003,0.371,0.423
2002-361,12/27/2002,1/3/2003,STD,0.369,82306412,0.391,133407496,-0.022,0.359,0.419
2003-001,1/1/2003,1/8/2003,STD,0.369,94519446,0.387,133465446,-0.018,0.352,0.443
2003-009,1/9/2003,1/16/2003,STD,0.364,96768307,0.375,132776636,-0.011,0.35,0.42
2003-017,1/17/2003,1/24/2003,STD,0.364,83291364,0.372,127877472,-0.008,0.353,0.398
2003-025,1/25/2003,2/1/2003,STD,0.353,74794884,0.366,128382554,-0.013,0.343,0.391
2003-033,2/2/2003,2/9/2003,STD,0.376,79559566,0.366,130660570,0.01,0.345,0.394
2003-041,2/10/2003,2/17/2003,STD,0.365,73361785,0.359,129509639,0.006,0.332,0.379
2003-049,2/18/2003,2/25/2003,STD,0.352,79247904,0.355,132746270,-0.003,0.332,0.4
2003-057,2/26/2003,3/5/2003,STD,0.343,64447693,0.354,133463347,-0.011,0.329,0.384
2003-065,3/6/2003,3/13/2003,STD,0.351,88843656,0.351,138223208,0,0.331,0.391
2003-073,3/14/2003,3/21/2003,STD,0.35,99444786,0.356,140284640,-0.006,0.339,0.387
2003-081,3/22/2003,3/29/2003,STD,0.371,118989259,0.37,142033072,0.001,0.344,0.407
2003-089,3/30/2003,4/6/2003,STD,0.38,110408047,0.385,143092746,-0.005,0.335,0.425
2003-097,4/7/2003,4/14/2003,STD,0.395,128566808,0.402,144030372,-0.007,0.377,0.443
2003-105,4/15/2003,4/22/2003,STD,0.427,124979723,0.423,147410873,0.004,0.388,0.463
2003-113,4/23/2003,4/30/2003,STD,0.454,128611058,0.447,152162446,0.007,0.413,0.478
2003-121,5/1/2003,5/8/2003,STD,0.466,115172825,0.463,155305648,0.003,0.416,0.502
2003-129,5/9/2003,5/16/2003,STD,0.478,124803986,0.484,158410915,-0.006,0.462,0.506
2003-137,5/17/2003,5/24/2003,STD,0.484,131273040,0.501,161934168,-0.017,0.475,0.536
2003-145,5/25/2003,6/1/2003,STD,0.512,139687601,0.518,165163803,-0.006,0.493,0.539
2003-153,6/2/2003,6/9/2003,STD,0.529,133334493,0.527,166439907,0.002,0.497,0.549
2003-161,6/10/2003,6/17/2003,STD,0.52,129739271,0.543,167262493,-0.023,0.52,0.57
2003-169,6/18/2003,6/25/2003,STD,0.561,148975557,0.555,167648468,0.006,0.527,0.578
2003-177,6/26/2003,7/3/2003,STD,0.552,141799821,0.564,168075347,-0.012,0.537,0.584
2003-185,7/4/2003,7/11/2003,STD,0.56,145432931,0.573,168359211,-0.013,0.55,0.595
2003-193,7/12/2003,7/19/2003,STD,0.571,153334068,0.575,168411641,-0.004,0.545,0.591
2003-201,7/20/2003,7/27/2003,STD,0.561,147790328,0.576,168523343,-0.015,0.542,0.595
2003-209,7/28/2003,8/4/2003,STD,0.551,139073074,0.575,168695543,-0.024,0.523,0.593
2003-217,8/5/2003,8/12/2003,STD,0.533,137139156,0.57,168756004,-0.037,0.533,0.586
2003-225,8/13/2003,8/20/2003,STD,0.542,139903650,0.566,168791851,-0.024,0.536,0.583
2003-233,8/21/2003,8/28/2003,STD,0.548,147329951,0.564,168785512,-0.016,0.533,0.59
2003-241,8/29/2003,9/5/2003,STD,0.509,135247557,0.55,168796120,-0.041,0.509,0.575
2003-249,9/6/2003,9/13/2003,STD,0.53,151739944,0.536,168781608,-0.006,0.513,0.559
2003-257,9/14/2003,9/21/2003,STD,0.521,155672405,0.523,168734539,-0.002,0.492,0.548
2003-265,9/22/2003,9/29/2003,STD,0.499,149269018,0.507,168477990,-0.008,0.474,0.53
2003-273,9/30/2003,10/7/2003,STD,0.487,149266056,0.492,167808193,-0.005,0.459,0.508
2003-281,10/8/2003,10/15/2003,STD,0.465,147373733,0.476,166022262,-0.011,0.455,0.5
2003-289,10/16/2003,10/23/2003,STD,0.443,144011249,0.46,163297886,-0.017,0.439,0.474
2003-297,10/24/2003,10/31/2003,STD,0.442,125985732,0.444,157554566,-0.002,0.424,0.457
2003-305,11/1/2003,11/8/2003,STD,0.445,97488542,0.428,154788191,0.017,0.411,0.445
2003-313,11/9/2003,11/16/2003,STD,0.427,109670444,0.419,151008456,0.008,0.405,0.442
2003-321,11/17/2003,11/24/2003,STD,0.417,113839457,0.405,149387756,0.012,0.39,0.425
2003-329,11/25/2003,12/2/2003,STD,0.407,97732272,0.401,146218369,0.006,0.384,0.443
2003-337,12/3/2003,12/10/2003,STD,0.392,82020457,0.397,145600841,-0.005,0.367,0.425
2003-345,12/11/2003,12/18/2003,STD,0.397,75371354,0.394,141959008,0.003,0.369,0.417
2003-353,12/19/2003,12/26/2003,STD,0.38,86252657,0.39,137801633,-0.01,0.371,0.423
2003-361,12/27/2003,1/3/2004,STD,0.388,83948449,0.391,133407496,-0.003,0.359,0.419
2004-001,1/1/2004,1/8/2004,STD,0.371,67570366,0.387,133465446,-0.016,0.352,0.443
2004-009,1/9/2004,1/16/2004,STD,0.365,79401434,0.375,132776636,-0.01,0.35,0.42
2004-017,1/17/2004,1/24/2004,STD,0.358,78669411,0.372,127877472,-0.014,0.353,0.398
2004-025,1/25/2004,2/1/2004,STD,0.355,62738323,0.366,128382554,-0.011,0.343,0.391
2004-033,2/2/2004,2/9/2004,STD,0.376,58142992,0.366,130660570,0.01,0.345,0.394
2004-041,2/10/2004,2/17/2004,STD,0.35,59155191,0.359,129509639,-0.009,0.332,0.379
2004-049,2/18/2004,2/25/2004,STD,0.353,73692755,0.355,132746270,-0.002,0.332,0.4
2004-057,2/26/2004,3/4/2004,STD,0.355,76293309,0.354,133463347,0.001,0.329,0.384
2004-065,3/5/2004,3/12/2004,STD,0.345,105483111,0.351,138223208,-0.006,0.331,0.391
2004-073,3/13/2004,3/20/2004,STD,0.349,110776529,0.356,140284640,-0.007,0.339,0.387
2004-081,3/21/2004,3/28/2004,STD,0.356,114136162,0.37,142033072,-0.014,0.344,0.407
2004-089,3/29/2004,4/5/2004,STD,0.382,129057207,0.385,143092746,-0.003,0.335,0.425
2004-097,4/6/2004,4/13/2004,STD,0.405,126657044,0.402,144030372,0.003,0.377,0.443
2004-105,4/14/2004,4/21/2004,STD,0.419,120252415,0.423,147410873,-0.004,0.388,0.463
2004-113,4/22/2004,4/29/2004,STD,0.456,134792876,0.447,152162446,0.009,0.413,0.478
2004-121,4/30/2004,5/7/2004,STD,0.474,145101951,0.463,155305648,0.011,0.416,0.502
2004-129,5/8/2004,5/15/2004,STD,0.481,122487513,0.484,158410915,-0.003,0.462,0.506
2004-137,5/16/2004,5/23/2004,STD,0.499,118827380,0.501,161934168,-0.002,0.475,0.536
2004-145,5/24/2004,5/31/2004,STD,0.513,129302105,0.518,165163803,-0.005,0.493,0.539
2004-153,6/1/2004,6/8/2004,STD,0.524,147408324,0.527,166439907,-0.003,0.497,0.549
2004-161,6/9/2004,6/16/2004,STD,0.531,134830294,0.543,167262493,-0.012,0.52,0.57
2004-169,6/17/2004,6/24/2004,STD,0.558,143148064,0.555,167648468,0.003,0.527,0.578
2004-177,6/25/2004,7/2/2004,STD,0.562,135451001,0.564,168075347,-0.002,0.537,0.584
2004-185,7/3/2004,7/10/2004,STD,0.573,144980558,0.573,168359211,0,0.55,0.595
2004-193,7/11/2004,7/18/2004,STD,0.576,144467577,0.575,168411641,0.001,0.545,0.591
2004-201,7/19/2004,7/26/2004,STD,0.577,139637968,0.576,168523343,0.001,0.542,0.595
2004-209,7/27/2004,8/3/2004,STD,0.583,144808879,0.575,168695543,0.008,0.523,0.593
2004-217,8/4/2004,8/11/2004,STD,0.577,149209779,0.57,168756004,0.007,0.533,0.586
2004-225,8/12/2004,8/19/2004,STD,0.57,145163439,0.566,168791851,0.004,0.536,0.583
2004-233,8/20/2004,8/27/2004,STD,0.561,137778472,0.564,168785512,-0.003,0.533,0.59
2004-241,8/28/2004,9/4/2004,STD,0.55,145062171,0.55,168796120,0,0.509,0.575
2004-249,9/5/2004,9/12/2004,STD,0.539,153608355,0.536,168781608,0.003,0.513,0.559
2004-257,9/13/2004,9/20/2004,STD,0.528,150573722,0.523,168734539,0.005,0.492,0.548
2004-265,9/21/2004,9/28/2004,STD,0.517,146987352,0.507,168477990,0.01,0.474,0.53
2004-273,9/29/2004,10/6/2004,STD,0.496,139940411,0.492,167808193,0.004,0.459,0.508
2004-281,10/7/2004,10/14/2004,STD,0.465,134120634,0.476,166022262,-0.011,0.455,0.5
2004-289,10/15/2004,10/22/2004,STD,0.461,120634833,0.46,163297886,0.001,0.439,0.474
2004-297,10/23/2004,10/30/2004,STD,0.449,115057783,0.444,157554566,0.005,0.424,0.457
2004-305,10/31/2004,11/7/2004,STD,0.442,130085311,0.428,154788191,0.014,0.411,0.445
2004-313,11/8/2004,11/15/2004,STD,0.434,119682247,0.419,151008456,0.015,0.405,0.442
2004-321,11/16/2004,11/23/2004,STD,0.405,97628367,0.405,149387756,0,0.39,0.425
2004-329,11/24/2004,12/1/2004,STD,0.443,96769549,0.401,146218369,0.042,0.384,0.443
2004-337,12/2/2004,12/9/2004,STD,0.425,90437391,0.397,145600841,0.028,0.367,0.425
2004-345,12/10/2004,12/17/2004,STD,0.391,109072898,0.394,141959008,-0.003,0.369,0.417
2004-353,12/18/2004,12/25/2004,STD,0.392,98840182,0.39,137801633,0.002,0.371,0.423
2004-361,12/26/2004,1/2/2005,STD,0.394,80456302,0.391,133407496,0.003,0.359,0.419
2005-001,1/1/2005,1/8/2005,STD,0.415,46496088,0.387,133465446,0.028,0.352,0.443
2005-009,1/9/2005,1/16/2005,STD,0.407,65916596,0.375,132776636,0.032,0.35,0.42
2005-017,1/17/2005,1/24/2005,STD,0.376,87014674,0.372,127877472,0.004,0.353,0.398
2005-025,1/25/2005,2/1/2005,STD,0.372,85278392,0.366,128382554,0.006,0.343,0.391
2005-033,2/2/2005,2/9/2005,STD,0.363,89563483,0.366,130660570,-0.003,0.345,0.394
2005-041,2/10/2005,2/17/2005,STD,0.371,95207380,0.359,129509639,0.012,0.332,0.379
2005-049,2/18/2005,2/25/2005,STD,0.366,93590406,0.355,132746270,0.011,0.332,0.4
2005-057,2/26/2005,3/5/2005,STD,0.362,101970483,0.354,133463347,0.008,0.329,0.384
2005-065,3/6/2005,3/13/2005,STD,0.367,109329532,0.351,138223208,0.016,0.331,0.391
2005-073,3/14/2005,3/21/2005,STD,0.382,97587050,0.356,140284640,0.026,0.339,0.387
2005-081,3/22/2005,3/29/2005,STD,0.383,93956435,0.37,142033072,0.013,0.344,0.407
2005-089,3/30/2005,4/6/2005,STD,0.379,122591123,0.385,143092746,-0.006,0.335,0.425
2005-097,4/7/2005,4/14/2005,STD,0.413,125960706,0.402,144030372,0.011,0.377,0.443
2005-105,4/15/2005,4/22/2005,STD,0.434,126315667,0.423,147410873,0.011,0.388,0.463
2005-113,4/23/2005,4/30/2005,STD,0.472,119107416,0.447,152162446,0.025,0.413,0.478
2005-121,5/1/2005,5/8/2005,STD,0.477,124649944,0.463,155305648,0.014,0.416,0.502
2005-129,5/9/2005,5/16/2005,STD,0.499,123524312,0.484,158410915,0.015,0.462,0.506
2005-137,5/17/2005,5/24/2005,STD,0.507,138107783,0.501,161934168,0.006,0.475,0.536
2005-145,5/25/2005,6/1/2005,STD,0.532,131837186,0.518,165163803,0.014,0.493,0.539
2005-153,6/2/2005,6/9/2005,STD,0.543,132897235,0.527,166439907,0.016,0.497,0.549
2005-161,6/10/2005,6/17/2005,STD,0.562,143545296,0.543,167262493,0.019,0.52,0.57
2005-169,6/18/2005,6/25/2005,STD,0.572,152502463,0.555,167648468,0.017,0.527,0.578
2005-177,6/26/2005,7/3/2005,STD,0.576,146200682,0.564,168075347,0.012,0.537,0.584
2005-185,7/4/2005,7/11/2005,STD,0.575,148390221,0.573,168359211,0.002,0.55,0.595
2005-193,7/12/2005,7/19/2005,STD,0.562,135960839,0.575,168411641,-0.013,0.545,0.591
2005-201,7/20/2005,7/27/2005,STD,0.583,153017117,0.576,168523343,0.007,0.542,0.595
2005-209,7/28/2005,8/4/2005,STD,0.578,146176971,0.575,168695543,0.003,0.523,0.593
2005-217,8/5/2005,8/12/2005,STD,0.576,146024024,0.57,168756004,0.006,0.533,0.586
2005-225,8/13/2005,8/20/2005,STD,0.571,144985474,0.566,168791851,0.005,0.536,0.583
2005-233,8/21/2005,8/28/2005,STD,0.566,145587987,0.564,168785512,0.002,0.533,0.59
2005-241,8/29/2005,9/5/2005,STD,0.56,153407873,0.55,168796120,0.01,0.509,0.575
2005-249,9/6/2005,9/13/2005,STD,0.54,152402677,0.536,168781608,0.004,0.513,0.559
2005-257,9/14/2005,9/21/2005,STD,0.515,147497156,0.523,168734539,-0.008,0.492,0.548
2005-265,9/22/2005,9/29/2005,STD,0.502,148769238,0.507,168477990,-0.005,0.474,0.53
2005-273,9/30/2005,10/7/2005,STD,0.489,144000282,0.492,167808193,-0.003,0.459,0.508
2005-281,10/8/2005,10/15/2005,STD,0.47,143068384,0.476,166022262,-0.006,0.455,0.5
2005-289,10/16/2005,10/23/2005,STD,0.464,140934248,0.46,163297886,0.004,0.439,0.474
2005-297,10/24/2005,10/31/2005,STD,0.448,136383205,0.444,157554566,0.004,0.424,0.457
2005-305,11/1/2005,11/8/2005,STD,0.428,117066003,0.428,154788191,0,0.411,0.445
2005-313,11/9/2005,11/16/2005,STD,0.413,120009219,0.419,151008456,-0.006,0.405,0.442
2005-321,11/17/2005,11/24/2005,STD,0.402,119271116,0.405,149387756,-0.003,0.39,0.425
2005-329,11/25/2005,12/2/2005,STD,0.387,95201084,0.401,146218369,-0.014,0.384,0.443
2005-337,12/3/2005,12/10/2005,STD,0.405,70644167,0.397,145600841,0.008,0.367,0.425
2005-345,12/11/2005,12/18/2005,STD,0.395,75153897,0.394,141959008,0.001,0.369,0.417
2005-353,12/19/2005,12/26/2005,STD,0.372,78613588,0.39,137801633,-0.018,0.371,0.423
2005-361,12/27/2005,1/3/2006,STD,0.359,76698977,0.391,133407496,-0.032,0.359,0.419
2006-001,1/1/2006,1/8/2006,STD,0.352,85002112,0.387,133465446,-0.035,0.352,0.443
2006-009,1/9/2006,1/16/2006,STD,0.35,96510817,0.375,132776636,-0.025,0.35,0.42
2006-017,1/17/2006,1/24/2006,STD,0.364,92968073,0.372,127877472,-0.008,0.353,0.398
2006-025,1/25/2006,2/1/2006,STD,0.343,93152487,0.366,128382554,-0.023,0.343,0.391
2006-033,2/2/2006,2/9/2006,STD,0.354,96245241,0.366,130660570,-0.012,0.345,0.394
2006-041,2/10/2006,2/17/2006,STD,0.35,96062034,0.359,129509639,-0.009,0.332,0.379
2006-049,2/18/2006,2/25/2006,STD,0.333,78154614,0.355,132746270,-0.022,0.332,0.4
2006-057,2/26/2006,3/5/2006,STD,0.329,100453288,0.354,133463347,-0.025,0.329,0.384
2006-065,3/6/2006,3/13/2006,STD,0.344,92423296,0.351,138223208,-0.007,0.331,0.391
2006-073,3/14/2006,3/21/2006,STD,0.36,98476695,0.356,140284640,0.004,0.339,0.387
2006-081,3/22/2006,3/29/2006,STD,0.356,99225098,0.37,142033072,-0.014,0.344,0.407
2006-089,3/30/2006,4/6/2006,STD,0.365,114432748,0.385,143092746,-0.02,0.335,0.425
2006-097,4/7/2006,4/14/2006,STD,0.383,122012707,0.402,144030372,-0.019,0.377,0.443
2006-105,4/15/2006,4/22/2006,STD,0.419,130956176,0.423,147410873,-0.004,0.388,0.463
2006-113,4/23/2006,4/30/2006,STD,0.451,132557465,0.447,152162446,0.004,0.413,0.478
2006-121,5/1/2006,5/8/2006,STD,0.466,128255589,0.463,155305648,0.003,0.416,0.502
2006-129,5/9/2006,5/16/2006,STD,0.473,123327416,0.484,158410915,-0.011,0.462,0.506
2006-137,5/17/2006,5/24/2006,STD,0.498,144176635,0.501,161934168,-0.003,0.475,0.536
2006-145,5/25/2006,6/1/2006,STD,0.503,138094166,0.518,165163803,-0.015,0.493,0.539
2006-153,6/2/2006,6/9/2006,STD,0.509,144658730,0.527,166439907,-0.018,0.497,0.549
2006-161,6/10/2006,6/17/2006,STD,0.524,149055824,0.543,167262493,-0.019,0.52,0.57
2006-169,6/18/2006,6/25/2006,STD,0.535,145335757,0.555,167648468,-0.02,0.527,0.578
2006-177,6/26/2006,7/3/2006,STD,0.564,147577681,0.564,168075347,0,0.537,0.584
2006-185,7/4/2006,7/11/2006,STD,0.559,142344091,0.573,168359211,-0.014,0.55,0.595
2006-193,7/12/2006,7/19/2006,STD,0.556,148049653,0.575,168411641,-0.019,0.545,0.591
2006-201,7/20/2006,7/27/2006,STD,0.553,143648374,0.576,168523343,-0.023,0.542,0.595
2006-209,7/28/2006,8/4/2006,STD,0.558,141928256,0.575,168695543,-0.017,0.523,0.593
2006-217,8/5/2006,8/12/2006,STD,0.553,145133640,0.57,168756004,-0.017,0.533,0.586
2006-225,8/13/2006,8/20/2006,STD,0.56,141674077,0.566,168791851,-0.006,0.536,0.583
2006-233,8/21/2006,8/28/2006,STD,0.547,142768226,0.564,168785512,-0.017,0.533,0.59
2006-241,8/29/2006,9/5/2006,STD,0.529,140182702,0.55,168796120,-0.021,0.509,0.575
2006-249,9/6/2006,9/13/2006,STD,0.523,144803854,0.536,168781608,-0.013,0.513,0.559
2006-257,9/14/2006,9/21/2006,STD,0.525,145449609,0.523,168734539,0.002,0.492,0.548
2006-265,9/22/2006,9/29/2006,STD,0.505,146295600,0.507,168477990,-0.002,0.474,0.53
2006-273,9/30/2006,10/7/2006,STD,0.488,147239060,0.492,167808193,-0.004,0.459,0.508
2006-281,10/8/2006,10/15/2006,STD,0.479,147098605,0.476,166022262,0.003,0.455,0.5
2006-289,10/16/2006,10/23/2006,STD,0.459,127334876,0.46,163297886,-0.001,0.439,0.474
2006-297,10/24/2006,10/31/2006,STD,0.44,132673893,0.444,157554566,-0.004,0.424,0.457
2006-305,11/1/2006,11/8/2006,STD,0.418,123135193,0.428,154788191,-0.01,0.411,0.445
2006-313,11/9/2006,11/16/2006,STD,0.412,110923348,0.419,151008456,-0.007,0.405,0.442
2006-321,11/17/2006,11/24/2006,STD,0.398,121256901,0.405,149387756,-0.007,0.39,0.425
2006-329,11/25/2006,12/2/2006,STD,0.398,96246642,0.401,146218369,-0.003,0.384,0.443
2006-337,12/3/2006,12/10/2006,STD,0.386,96339807,0.397,145600841,-0.011,0.367,0.425
2006-345,12/11/2006,12/18/2006,STD,0.381,96670988,0.394,141959008,-0.013,0.369,0.417
2006-353,12/19/2006,12/26/2006,STD,0.39,93335629,0.39,137801633,0,0.371,0.423
2006-361,12/27/2006,1/3/2007,STD,0.414,80510828,0.391,133407496,0.023,0.359,0.419
2007-001,1/1/2007,1/8/2007,STD,0.397,85550725,0.387,133465446,0.01,0.352,0.443
2007-009,1/9/2007,1/16/2007,STD,0.382,72784411,0.375,132776636,0.007,0.35,0.42
2007-017,1/17/2007,1/24/2007,STD,0.378,61576127,0.372,127877472,0.006,0.353,0.398
2007-025,1/25/2007,2/1/2007,STD,0.381,76070784,0.366,128382554,0.015,0.343,0.391
2007-033,2/2/2007,2/9/2007,STD,0.367,67422459,0.366,130660570,0.001,0.345,0.394
2007-041,2/10/2007,2/17/2007,STD,0.37,72372778,0.359,129509639,0.011,0.332,0.379
2007-049,2/18/2007,2/25/2007,STD,0.342,86496835,0.355,132746270,-0.013,0.332,0.4
2007-057,2/26/2007,3/5/2007,STD,0.351,81762507,0.354,133463347,-0.003,0.329,0.384
2007-065,3/6/2007,3/13/2007,STD,0.331,99434464,0.351,138223208,-0.02,0.331,0.391
2007-073,3/14/2007,3/21/2007,STD,0.35,113413672,0.356,140284640,-0.006,0.339,0.387
2007-081,3/22/2007,3/29/2007,STD,0.363,106696894,0.37,142033072,-0.007,0.344,0.407
2007-089,3/30/2007,4/6/2007,STD,0.425,115294947,0.385,143092746,0.04,0.335,0.425
2007-097,4/7/2007,4/14/2007,STD,0.41,114977104,0.402,144030372,0.008,0.377,0.443
2007-105,4/15/2007,4/22/2007,STD,0.42,130237613,0.423,147410873,-0.003,0.388,0.463
2007-113,4/23/2007,4/30/2007,STD,0.451,138068264,0.447,152162446,0.004,0.413,0.478
2007-121,5/1/2007,5/8/2007,STD,0.47,127278442,0.463,155305648,0.007,0.416,0.502
2007-129,5/9/2007,5/16/2007,STD,0.506,143643532,0.484,158410915,0.022,0.462,0.506
2007-137,5/17/2007,5/24/2007,STD,0.526,141165889,0.501,161934168,0.025,0.475,0.536
2007-145,5/25/2007,6/1/2007,STD,0.519,123767196,0.518,165163803,0.001,0.493,0.539
2007-153,6/2/2007,6/9/2007,STD,0.546,143557393,0.527,166439907,0.019,0.497,0.549
2007-161,6/10/2007,6/17/2007,STD,0.555,147736169,0.543,167262493,0.012,0.52,0.57
2007-169,6/18/2007,6/25/2007,STD,0.566,150313476,0.555,167648468,0.011,0.527,0.578
2007-177,6/26/2007,7/3/2007,STD,0.565,137410819,0.564,168075347,0.001,0.537,0.584
2007-185,7/4/2007,7/11/2007,STD,0.569,141624795,0.573,168359211,-0.004,0.55,0.595
2007-193,7/12/2007,7/19/2007,STD,0.567,140876839,0.575,168411641,-0.008,0.545,0.591
2007-201,7/20/2007,7/27/2007,STD,0.58,141079473,0.576,168523343,0.004,0.542,0.595
2007-209,7/28/2007,8/4/2007,STD,0.578,131352574,0.575,168695543,0.003,0.523,0.593
2007-217,8/5/2007,8/12/2007,STD,0.576,156105618,0.57,168756004,0.006,0.533,0.586
2007-225,8/13/2007,8/20/2007,STD,0.569,156928486,0.566,168791851,0.003,0.536,0.583
2007-233,8/21/2007,8/28/2007,STD,0.555,149670263,0.564,168785512,-0.009,0.533,0.59
2007-241,8/29/2007,9/5/2007,STD,0.55,148600447,0.55,168796120,0,0.509,0.575
2007-249,9/6/2007,9/13/2007,STD,0.531,146647429,0.536,168781608,-0.005,0.513,0.559
2007-257,9/14/2007,9/21/2007,STD,0.52,150747765,0.523,168734539,-0.003,0.492,0.548
2007-265,9/22/2007,9/29/2007,STD,0.505,153493991,0.507,168477990,-0.002,0.474,0.53
2007-273,9/30/2007,10/7/2007,STD,0.484,140204693,0.492,167808193,-0.008,0.459,0.508
2007-281,10/8/2007,10/15/2007,STD,0.473,138397388,0.476,166022262,-0.003,0.455,0.5
2007-289,10/16/2007,10/23/2007,STD,0.459,133871930,0.46,163297886,-0.001,0.439,0.474
2007-297,10/24/2007,10/31/2007,STD,0.446,137806439,0.444,157554566,0.002,0.424,0.457
2007-305,11/1/2007,11/8/2007,STD,0.432,134782257,0.428,154788191,0.004,0.411,0.445
2007-313,11/9/2007,11/16/2007,STD,0.407,118812402,0.419,151008456,-0.012,0.405,0.442
2007-321,11/17/2007,11/24/2007,STD,0.39,106157508,0.405,149387756,-0.015,0.39,0.425
2007-329,11/25/2007,12/2/2007,STD,0.411,105706773,0.401,146218369,0.01,0.384,0.443
2007-337,12/3/2007,12/10/2007,STD,0.404,76452893,0.397,145600841,0.007,0.367,0.425
2007-345,12/11/2007,12/18/2007,STD,0.408,64867213,0.394,141959008,0.014,0.369,0.417
2007-353,12/19/2007,12/26/2007,STD,0.387,72756728,0.39,137801633,-0.003,0.371,0.423
2007-361,12/27/2007,1/3/2008,STD,0.394,65750069,0.391,133407496,0.003,0.359,0.419
2008-001,1/1/2008,1/8/2008,STD,0.387,63504407,0.387,133465446,0,0.352,0.443
2008-009,1/9/2008,1/16/2008,STD,0.379,77924674,0.375,132776636,0.004,0.35,0.42
2008-017,1/17/2008,1/24/2008,STD,0.381,67385282,0.372,127877472,0.009,0.353,0.398
2008-025,1/25/2008,2/1/2008,STD,0.375,71354683,0.366,128382554,0.009,0.343,0.391
2008-033,2/2/2008,2/9/2008,STD,0.371,67671067,0.366,130660570,0.005,0.345,0.394
2008-041,2/10/2008,2/17/2008,STD,0.368,74792865,0.359,129509639,0.009,0.332,0.379
2008-049,2/18/2008,2/25/2008,STD,0.365,72271181,0.355,132746270,0.01,0.332,0.4
2008-057,2/26/2008,3/4/2008,STD,0.348,87465921,0.354,133463347,-0.006,0.329,0.384
2008-065,3/5/2008,3/12/2008,STD,0.345,94444378,0.351,138223208,-0.006,0.331,0.391
2008-073,3/13/2008,3/20/2008,STD,0.343,100627946,0.356,140284640,-0.013,0.339,0.387
2008-081,3/21/2008,3/28/2008,STD,0.344,100025906,0.37,142033072,-0.026,0.344,0.407
2008-089,3/29/2008,4/5/2008,STD,0.337,96371759,0.385,143092746,-0.048,0.335,0.425
2008-097,4/6/2008,4/13/2008,STD,0.377,107954514,0.402,144030372,-0.025,0.377,0.443
2008-105,4/14/2008,4/21/2008,STD,0.388,124769223,0.423,147410873,-0.035,0.388,0.463
2008-113,4/22/2008,4/29/2008,STD,0.416,122193521,0.447,152162446,-0.031,0.413,0.478
2008-121,4/30/2008,5/7/2008,STD,0.447,130081881,0.463,155305648,-0.016,0.416,0.502
2008-129,5/8/2008,5/15/2008,STD,0.475,133144477,0.484,158410915,-0.009,0.462,0.506
2008-137,5/16/2008,5/23/2008,STD,0.475,137334692,0.501,161934168,-0.026,0.475,0.536
2008-145,5/24/2008,5/31/2008,STD,0.509,131333973,0.518,165163803,-0.009,0.493,0.539
2008-153,6/1/2008,6/8/2008,STD,0.513,131946788,0.527,166439907,-0.014,0.497,0.549
2008-161,6/9/2008,6/16/2008,STD,0.531,148148693,0.543,167262493,-0.012,0.52,0.57
2008-169,6/17/2008,6/24/2008,STD,0.533,143602850,0.555,167648468,-0.022,0.527,0.578
2008-177,6/25/2008,7/2/2008,STD,0.555,145923523,0.564,168075347,-0.009,0.537,0.584
2008-185,7/3/2008,7/10/2008,STD,0.566,141578204,0.573,168359211,-0.007,0.55,0.595
2008-193,7/11/2008,7/18/2008,STD,0.573,144273311,0.575,168411641,-0.002,0.545,0.591
2008-201,7/19/2008,7/26/2008,STD,0.571,145146496,0.576,168523343,-0.005,0.542,0.595
2008-209,7/27/2008,8/3/2008,STD,0.572,150131067,0.575,168695543,-0.003,0.523,0.593
2008-217,8/4/2008,8/11/2008,STD,0.574,144397959,0.57,168756004,0.004,0.533,0.586
2008-225,8/12/2008,8/19/2008,STD,0.564,142653444,0.566,168791851,-0.002,0.536,0.583
2008-233,8/20/2008,8/27/2008,STD,0.558,144243174,0.564,168785512,-0.006,0.533,0.59
2008-241,8/28/2008,9/4/2008,STD,0.561,149497416,0.55,168796120,0.011,0.509,0.575
2008-249,9/5/2008,9/12/2008,STD,0.543,140136499,0.536,168781608,0.007,0.513,0.559
2008-257,9/13/2008,9/20/2008,STD,0.531,145273522,0.523,168734539,0.008,0.492,0.548
2008-265,9/21/2008,9/28/2008,STD,0.523,155440178,0.507,168477990,0.016,0.474,0.53
2008-273,9/29/2008,10/6/2008,STD,0.497,146480303,0.492,167808193,0.005,0.459,0.508
2008-281,10/7/2008,10/14/2008,STD,0.477,137197809,0.476,166022262,0.001,0.455,0.5
2008-289,10/15/2008,10/22/2008,STD,0.464,136852019,0.46,163297886,0.004,0.439,0.474
2008-297,10/23/2008,10/30/2008,STD,0.439,138961424,0.444,157554566,-0.005,0.424,0.457
2008-305,10/31/2008,11/7/2008,STD,0.413,122249667,0.428,154788191,-0.015,0.411,0.445
2008-313,11/8/2008,11/15/2008,STD,0.411,103635560,0.419,151008456,-0.008,0.405,0.442
2008-321,11/16/2008,11/23/2008,STD,0.392,112510418,0.405,149387756,-0.013,0.39,0.425
2008-329,11/24/2008,12/1/2008,STD,0.384,110061225,0.401,146218369,-0.017,0.384,0.443
2008-337,12/2/2008,12/9/2008,STD,0.391,95696914,0.397,145600841,-0.006,0.367,0.425
2008-345,12/10/2008,12/17/2008,STD,0.374,71888172,0.394,141959008,-0.02,0.369,0.417
2008-353,12/18/2008,12/25/2008,STD,0.395,56155952,0.39,137801633,0.005,0.371,0.423
2008-361,12/26/2008,1/2/2009,STD,0.38,77145770,0.391,133407496,-0.011,0.359,0.419
2009-001,1/1/2009,1/8/2009,STD,0.373,71269637,0.387,133465446,-0.014,0.352,0.443
2009-009,1/9/2009,1/16/2009,STD,0.372,75392946,0.375,132776636,-0.003,0.35,0.42
2009-017,1/17/2009,1/24/2009,STD,0.363,77283063,0.372,127877472,-0.009,0.353,0.398
2009-025,1/25/2009,2/1/2009,STD,0.36,73439010,0.366,128382554,-0.006,0.343,0.391
2009-033,2/2/2009,2/9/2009,STD,0.346,84321311,0.366,130660570,-0.02,0.345,0.394
2009-041,2/10/2009,2/17/2009,STD,0.343,81630878,0.359,129509639,-0.016,0.332,0.379
2009-049,2/18/2009,2/25/2009,STD,0.338,88464665,0.355,132746270,-0.017,0.332,0.4
2009-057,2/26/2009,3/5/2009,STD,0.329,88483939,0.354,133463347,-0.025,0.329,0.384
2009-065,3/6/2009,3/13/2009,STD,0.334,90219114,0.351,138223208,-0.017,0.331,0.391
2009-073,3/14/2009,3/21/2009,STD,0.339,109732260,0.356,140284640,-0.017,0.339,0.387
2009-081,3/22/2009,3/29/2009,STD,0.353,98991413,0.37,142033072,-0.017,0.344,0.407
2009-089,3/30/2009,4/6/2009,STD,0.376,106017935,0.385,143092746,-0.009,0.335,0.425
2009-097,4/7/2009,4/14/2009,STD,0.377,116734762,0.402,144030372,-0.025,0.377,0.443
2009-105,4/15/2009,4/22/2009,STD,0.397,129577966,0.423,147410873,-0.026,0.388,0.463
2009-113,4/23/2009,4/30/2009,STD,0.42,118747374,0.447,152162446,-0.027,0.413,0.478
2009-121,5/1/2009,5/8/2009,STD,0.419,106289557,0.463,155305648,-0.044,0.416,0.502
2009-129,5/9/2009,5/16/2009,STD,0.47,129800845,0.484,158410915,-0.014,0.462,0.506
2009-137,5/17/2009,5/24/2009,STD,0.498,143138519,0.501,161934168,-0.003,0.475,0.536
2009-145,5/25/2009,6/1/2009,STD,0.531,143860911,0.518,165163803,0.013,0.493,0.539
2009-153,6/2/2009,6/9/2009,STD,0.534,138365035,0.527,166439907,0.007,0.497,0.549
2009-161,6/10/2009,6/17/2009,STD,0.546,125064486,0.543,167262493,0.003,0.52,0.57
2009-169,6/18/2009,6/25/2009,STD,0.558,142508826,0.555,167648468,0.003,0.527,0.578
2009-177,6/26/2009,7/3/2009,STD,0.566,149996262,0.564,168075347,0.002,0.537,0.584
2009-185,7/4/2009,7/11/2009,STD,0.575,149131068,0.573,168359211,0.002,0.55,0.595
2009-193,7/12/2009,7/19/2009,STD,0.58,154515240,0.575,168411641,0.005,0.545,0.591
2009-201,7/20/2009,7/27/2009,STD,0.564,134716879,0.576,168523343,-0.012,0.542,0.595
2009-209,7/28/2009,8/4/2009,STD,0.572,139385895,0.575,168695543,-0.003,0.523,0.593
2009-217,8/5/2009,8/12/2009,STD,0.577,147569289,0.57,168756004,0.007,0.533,0.586
2009-225,8/13/2009,8/20/2009,STD,0.567,145165701,0.566,168791851,0.001,0.536,0.583
2009-233,8/21/2009,8/28/2009,STD,0.562,149001880,0.564,168785512,-0.002,0.533,0.59
2009-241,8/29/2009,9/5/2009,STD,0.555,151423620,0.55,168796120,0.005,0.509,0.575
2009-249,9/6/2009,9/13/2009,STD,0.529,135707202,0.536,168781608,-0.007,0.513,0.559
2009-257,9/14/2009,9/21/2009,STD,0.505,138874248,0.523,168734539,-0.018,0.492,0.548
2009-265,9/22/2009,9/29/2009,STD,0.506,139432234,0.507,168477990,-0.001,0.474,0.53
2009-273,9/30/2009,10/7/2009,STD,0.5,131529300,0.492,167808193,0.008,0.459,0.508
2009-281,10/8/2009,10/15/2009,STD,0.455,107296824,0.476,166022262,-0.021,0.455,0.5
2009-289,10/16/2009,10/23/2009,STD,0.458,139760221,0.46,163297886,-0.002,0.439,0.474
2009-297,10/24/2009,10/31/2009,STD,0.439,117327452,0.444,157554566,-0.005,0.424,0.457
2009-305,11/1/2009,11/8/2009,STD,0.419,136349076,0.428,154788191,-0.009,0.411,0.445
2009-313,11/9/2009,11/16/2009,STD,0.405,115277776,0.419,151008456,-0.014,0.405,0.442
2009-321,11/17/2009,11/24/2009,STD,0.398,117423177,0.405,149387756,-0.007,0.39,0.425
2009-329,11/25/2009,12/2/2009,STD,0.395,115827355,0.401,146218369,-0.006,0.384,0.443
2009-337,12/3/2009,12/10/2009,STD,0.405,86833344,0.397,145600841,0.008,0.367,0.425
2009-345,12/11/2009,12/18/2009,STD,0.384,63208543,0.394,141959008,-0.01,0.369,0.417
2009-353,12/19/2009,12/26/2009,STD,0.406,62287574,0.39,137801633,0.016,0.371,0.423
2009-361,12/27/2009,1/3/2010,STD,0.41,59608919,0.391,133407496,0.019,0.359,0.419
2010-001,1/1/2010,1/8/2010,STD,0.398,56856373,0.387,133465446,0.011,0.352,0.443
2010-009,1/9/2010,1/16/2010,STD,0.368,61377304,0.375,132776636,-0.007,0.35,0.42
2010-017,1/17/2010,1/24/2010,STD,0.377,62592025,0.372,127877472,0.005,0.353,0.398
2010-025,1/25/2010,2/1/2010,STD,0.371,64907410,0.366,128382554,0.005,0.343,0.391
2010-033,2/2/2010,2/9/2010,STD,0.391,51050356,0.366,130660570,0.025,0.345,0.394
2010-041,2/10/2010,2/17/2010,STD,0.368,61755167,0.359,129509639,0.009,0.332,0.379
2010-049,2/18/2010,2/25/2010,STD,0.377,66490302,0.355,132746270,0.022,0.332,0.4
2010-057,2/26/2010,3/5/2010,STD,0.353,76982751,0.354,133463347,-0.001,0.329,0.384
2010-065,3/6/2010,3/13/2010,STD,0.36,83457380,0.351,138223208,0.009,0.331,0.391
2010-073,3/14/2010,3/21/2010,STD,0.361,110903840,0.356,140284640,0.005,0.339,0.387
2010-081,3/22/2010,3/29/2010,STD,0.36,118165512,0.37,142033072,-0.01,0.344,0.407
2010-089,3/30/2010,4/6/2010,STD,0.383,109364235,0.385,143092746,-0.002,0.335,0.425
2010-097,4/7/2010,4/14/2010,STD,0.412,126422447,0.402,144030372,0.01,0.377,0.443
2010-105,4/15/2010,4/22/2010,STD,0.435,118411373,0.423,147410873,0.012,0.388,0.463
2010-113,4/23/2010,4/30/2010,STD,0.473,128665522,0.447,152162446,0.026,0.413,0.478
2010-121,5/1/2010,5/8/2010,STD,0.502,128338058,0.463,155305648,0.039,0.416,0.502
2010-129,5/9/2010,5/16/2010,STD,0.498,114975669,0.484,158410915,0.014,0.462,0.506
2010-137,5/17/2010,5/24/2010,STD,0.514,126721238,0.501,161934168,0.013,0.475,0.536
2010-145,5/25/2010,6/1/2010,STD,0.536,135088169,0.518,165163803,0.018,0.493,0.539
2010-153,6/2/2010,6/9/2010,STD,0.548,133940989,0.527,166439907,0.021,0.497,0.549
2010-161,6/10/2010,6/17/2010,STD,0.557,135470950,0.543,167262493,0.014,0.52,0.57
2010-169,6/18/2010,6/25/2010,STD,0.578,152835653,0.555,167648468,0.023,0.527,0.578
2010-177,6/26/2010,7/3/2010,STD,0.583,145627304,0.564,168075347,0.019,0.537,0.584
2010-185,7/4/2010,7/11/2010,STD,0.594,148828231,0.573,168359211,0.021,0.55,0.595
2010-193,7/12/2010,7/19/2010,STD,0.584,144844672,0.575,168411641,0.009,0.545,0.591
2010-201,7/20/2010,7/27/2010,STD,0.588,138746524,0.576,168523343,0.012,0.542,0.595
2010-209,7/28/2010,8/4/2010,STD,0.589,143374397,0.575,168695543,0.014,0.523,0.593
2010-217,8/5/2010,8/12/2010,STD,0.58,136681520,0.57,168756004,0.01,0.533,0.586
2010-225,8/13/2010,8/20/2010,STD,0.575,145141490,0.566,168791851,0.009,0.536,0.583
2010-233,8/21/2010,8/28/2010,STD,0.567,156274761,0.564,168785512,0.003,0.533,0.59
2010-241,8/29/2010,9/5/2010,STD,0.55,152983237,0.55,168796120,0,0.509,0.575
2010-249,9/6/2010,9/13/2010,STD,0.533,158632461,0.536,168781608,-0.003,0.513,0.559
2010-257,9/14/2010,9/21/2010,STD,0.525,156856590,0.523,168734539,0.002,0.492,0.548
2010-265,9/22/2010,9/29/2010,STD,0.499,157650039,0.507,168477990,-0.008,0.474,0.53
2010-273,9/30/2010,10/7/2010,STD,0.49,152698581,0.492,167808193,-0.002,0.459,0.508
2010-281,10/8/2010,10/15/2010,STD,0.47,149226834,0.476,166022262,-0.006,0.455,0.5
2010-289,10/16/2010,10/23/2010,STD,0.454,141885988,0.46,163297886,-0.006,0.439,0.474
2010-297,10/24/2010,10/31/2010,STD,0.434,119996754,0.444,157554566,-0.01,0.424,0.457
2010-305,11/1/2010,11/8/2010,STD,0.426,133780078,0.428,154788191,-0.002,0.411,0.445
2010-313,11/9/2010,11/16/2010,STD,0.423,110865333,0.419,151008456,0.004,0.405,0.442
2010-321,11/17/2010,11/24/2010,STD,0.416,93539546,0.405,149387756,0.011,0.39,0.425
2010-329,11/25/2010,12/2/2010,STD,0.406,88639097,0.401,146218369,0.005,0.384,0.443
2010-337,12/3/2010,12/10/2010,STD,0.393,77017340,0.397,145600841,-0.004,0.367,0.425
2010-345,12/11/2010,12/18/2010,STD,0.385,73604279,0.394,141959008,-0.009,0.369,0.417
2010-353,12/19/2010,12/26/2010,STD,0.391,64276189,0.39,137801633,0.001,0.371,0.423
2010-361,12/27/2010,1/3/2011,STD,0.39,75457935,0.391,133407496,-0.001,0.359,0.419
2011-001,1/1/2011,1/8/2011,STD,0.397,73543960,0.387,133465446,0.01,0.352,0.443
2011-009,1/9/2011,1/16/2011,STD,0.378,49625788,0.375,132776636,0.003,0.35,0.42
2011-017,1/17/2011,1/24/2011,STD,0.37,64655420,0.372,127877472,-0.002,0.353,0.398
2011-025,1/25/2011,2/1/2011,STD,0.367,76149863,0.366,128382554,0.001,0.343,0.391
2011-033,2/2/2011,2/9/2011,STD,0.382,59602932,0.366,130660570,0.016,0.345,0.394
2011-041,2/10/2011,2/17/2011,STD,0.346,83506472,0.359,129509639,-0.013,0.332,0.379
2011-049,2/18/2011,2/25/2011,STD,0.345,75297130,0.355,132746270,-0.01,0.332,0.4
2011-057,2/26/2011,3/5/2011,STD,0.352,82629791,0.354,133463347,-0.002,0.329,0.384
2011-065,3/6/2011,3/13/2011,STD,0.349,88647953,0.351,138223208,-0.002,0.331,0.391
2011-073,3/14/2011,3/21/2011,STD,0.354,94365625,0.356,140284640,-0.002,0.339,0.387
2011-081,3/22/2011,3/29/2011,STD,0.374,87190793,0.37,142033072,0.004,0.344,0.407
2011-089,3/30/2011,4/6/2011,STD,0.375,105116580,0.385,143092746,-0.01,0.335,0.425
2011-097,4/7/2011,4/14/2011,STD,0.395,117493261,0.402,144030372,-0.007,0.377,0.443
2011-105,4/15/2011,4/22/2011,STD,0.423,107374683,0.423,147410873,0,0.388,0.463
2011-113,4/23/2011,4/30/2011,STD,0.445,120012095,0.447,152162446,-0.002,0.413,0.478
2011-121,5/1/2011,5/8/2011,STD,0.446,128033595,0.463,155305648,-0.017,0.416,0.502
2011-129,5/9/2011,5/16/2011,STD,0.47,132751645,0.484,158410915,-0.014,0.462,0.506
2011-137,5/17/2011,5/24/2011,STD,0.492,116219994,0.501,161934168,-0.009,0.475,0.536
2011-145,5/25/2011,6/1/2011,STD,0.513,140090679,0.518,165163803,-0.005,0.493,0.539
2011-153,6/2/2011,6/9/2011,STD,0.516,148925147,0.527,166439907,-0.011,0.497,0.549
2011-161,6/10/2011,6/17/2011,STD,0.529,140632000,0.543,167262493,-0.014,0.52,0.57
2011-169,6/18/2011,6/25/2011,STD,0.527,134847649,0.555,167648468,-0.028,0.527,0.578
2011-177,6/26/2011,7/3/2011,STD,0.557,149667853,0.564,168075347,-0.007,0.537,0.584
2011-185,7/4/2011,7/11/2011,STD,0.57,145145831,0.573,168359211,-0.003,0.55,0.595
2011-193,7/12/2011,7/19/2011,STD,0.566,136525086,0.575,168411641,-0.009,0.545,0.591
2011-201,7/20/2011,7/27/2011,STD,0.574,145539982,0.576,168523343,-0.002,0.542,0.595
2011-209,7/28/2011,8/4/2011,STD,0.572,146008382,0.575,168695543,-0.003,0.523,0.593
2011-217,8/5/2011,8/12/2011,STD,0.56,140416765,0.57,168756004,-0.01,0.533,0.586
2011-225,8/13/2011,8/20/2011,STD,0.57,153176978,0.566,168791851,0.004,0.536,0.583
2011-233,8/21/2011,8/28/2011,STD,0.557,154964454,0.564,168785512,-0.007,0.533,0.59
2011-241,8/29/2011,9/5/2011,STD,0.541,154265686,0.55,168796120,-0.009,0.509,0.575
2011-249,9/6/2011,9/13/2011,STD,0.523,149901929,0.536,168781608,-0.013,0.513,0.559
2011-257,9/14/2011,9/21/2011,STD,0.507,147563058,0.523,168734539,-0.016,0.492,0.548
2011-265,9/22/2011,9/29/2011,STD,0.474,138852889,0.507,168477990,-0.033,0.474,0.53
2011-273,9/30/2011,10/7/2011,STD,0.475,147660391,0.492,167808193,-0.017,0.459,0.508
2011-281,10/8/2011,10/15/2011,STD,0.462,141948290,0.476,166022262,-0.014,0.455,0.5
2011-289,10/16/2011,10/23/2011,STD,0.443,137170698,0.46,163297886,-0.017,0.439,0.474
2011-297,10/24/2011,10/31/2011,STD,0.427,125058314,0.444,157554566,-0.017,0.424,0.457
2011-305,11/1/2011,11/8/2011,STD,0.426,122071918,0.428,154788191,-0.002,0.411,0.445
2011-313,11/9/2011,11/16/2011,STD,0.407,112601365,0.419,151008456,-0.012,0.405,0.442
2011-321,11/17/2011,11/24/2011,STD,0.399,103707959,0.405,149387756,-0.006,0.39,0.425
2011-329,11/25/2011,12/2/2011,STD,0.396,116125628,0.401,146218369,-0.005,0.384,0.443
2011-337,12/3/2011,12/10/2011,STD,0.413,90988320,0.397,145600841,0.016,0.367,0.425
2011-345,12/11/2011,12/18/2011,STD,0.403,92591629,0.394,141959008,0.009,0.369,0.417
2011-353,12/19/2011,12/26/2011,STD,0.382,89835890,0.39,137801633,-0.008,0.371,0.423
2011-361,12/27/2011,1/3/2012,STD,0.375,97315183,0.391,133407496,-0.016,0.359,0.419
2012-001,1/1/2012,1/8/2012,STD,0.366,110828279,0.387,133465446,-0.021,0.352,0.443
2012-009,1/9/2012,1/16/2012,STD,0.366,106963736,0.375,132776636,-0.009,0.35,0.42
2012-017,1/17/2012,1/24/2012,STD,0.372,76025616,0.372,127877472,0,0.353,0.398
2012-025,1/25/2012,2/1/2012,STD,0.361,96352862,0.366,128382554,-0.005,0.343,0.391
2012-033,2/2/2012,2/9/2012,STD,0.36,96603355,0.366,130660570,-0.006,0.345,0.394
2012-041,2/10/2012,2/17/2012,STD,0.358,94653853,0.359,129509639,-0.001,0.332,0.379
2012-049,2/18/2012,2/25/2012,STD,0.345,97719997,0.355,132746270,-0.01,0.332,0.4
2012-057,2/26/2012,3/4/2012,STD,0.365,93213572,0.354,133463347,0.011,0.329,0.384
2012-065,3/5/2012,3/12/2012,STD,0.352,114825243,0.351,138223208,0.001,0.331,0.391
2012-073,3/13/2012,3/20/2012,STD,0.355,102566487,0.356,140284640,-0.001,0.339,0.387
2012-081,3/21/2012,3/28/2012,STD,0.407,124993838,0.37,142033072,0.037,0.344,0.407
2012-089,3/29/2012,4/5/2012,STD,0.425,126105279,0.385,143092746,0.04,0.335,0.425
2012-097,4/6/2012,4/13/2012,STD,0.443,124819160,0.402,144030372,0.041,0.377,0.443
2012-105,4/14/2012,4/21/2012,STD,0.463,124197423,0.423,147410873,0.04,0.388,0.463
2012-113,4/22/2012,4/29/2012,STD,0.467,134563094,0.447,152162446,0.02,0.413,0.478
2012-121,4/30/2012,5/7/2012,STD,0.474,124433925,0.463,155305648,0.011,0.416,0.502
2012-129,5/8/2012,5/15/2012,STD,0.485,133223846,0.484,158410915,0.001,0.462,0.506
2012-137,5/16/2012,5/23/2012,STD,0.503,140686763,0.501,161934168,0.002,0.475,0.536
2012-145,5/24/2012,5/31/2012,STD,0.51,135899531,0.518,165163803,-0.008,0.493,0.539
2012-153,6/1/2012,6/8/2012,STD,0.508,142190222,0.527,166439907,-0.019,0.497,0.549
2012-161,6/9/2012,6/16/2012,STD,0.525,149528094,0.543,167262493,-0.018,0.52,0.57
2012-169,6/17/2012,6/24/2012,STD,0.541,152482037,0.555,167648468,-0.014,0.527,0.578
2012-177,6/25/2012,7/2/2012,STD,0.543,152413522,0.564,168075347,-0.021,0.537,0.584
2012-185,7/3/2012,7/10/2012,STD,0.55,145660421,0.573,168359211,-0.023,0.55,0.595
2012-193,7/11/2012,7/18/2012,STD,0.545,138827686,0.575,168411641,-0.03,0.545,0.591
2012-201,7/19/2012,7/26/2012,STD,0.549,145437964,0.576,168523343,-0.027,0.542,0.595
2012-209,7/27/2012,8/3/2012,STD,0.542,144542221,0.575,168695543,-0.033,0.523,0.593
2012-217,8/4/2012,8/11/2012,STD,0.536,146378888,0.57,168756004,-0.034,0.533,0.586
2012-225,8/12/2012,8/19/2012,STD,0.541,147987590,0.566,168791851,-0.025,0.536,0.583
2012-233,8/20/2012,8/27/2012,STD,0.536,148658905,0.564,168785512,-0.028,0.533,0.59
2012-241,8/28/2012,9/4/2012,STD,0.513,145558733,0.55,168796120,-0.037,0.509,0.575
2012-249,9/5/2012,9/12/2012,STD,0.513,155532147,0.536,168781608,-0.023,0.513,0.559
2012-257,9/13/2012,9/20/2012,STD,0.493,147487056,0.523,168734539,-0.03,0.492,0.548
2012-265,9/21/2012,9/28/2012,STD,0.48,149496749,0.507,168477990,-0.027,0.474,0.53
2012-273,9/29/2012,10/6/2012,STD,0.459,141206809,0.492,167808193,-0.033,0.459,0.508
2012-281,10/7/2012,10/14/2012,STD,0.468,142911916,0.476,166022262,-0.008,0.455,0.5
2012-289,10/15/2012,10/22/2012,STD,0.439,137126599,0.46,163297886,-0.021,0.439,0.474
2012-297,10/23/2012,10/30/2012,STD,0.432,117163201,0.444,157554566,-0.012,0.424,0.457
2012-305,10/31/2012,11/7/2012,STD,0.411,120238640,0.428,154788191,-0.017,0.411,0.445
2012-313,11/8/2012,11/15/2012,STD,0.419,111883467,0.419,151008456,0,0.405,0.442
2012-321,11/16/2012,11/23/2012,STD,0.397,112638192,0.405,149387756,-0.008,0.39,0.425
2012-329,11/24/2012,12/1/2012,STD,0.39,102655403,0.401,146218369,-0.011,0.384,0.443
2012-337,12/2/2012,12/9/2012,STD,0.367,96936584,0.397,145600841,-0.03,0.367,0.425
2012-345,12/10/2012,12/17/2012,STD,0.397,93811962,0.394,141959008,0.003,0.369,0.417
2012-353,12/18/2012,12/25/2012,STD,0.395,76151024,0.39,137801633,0.005,0.371,0.423
2012-361,12/26/2012,1/2/2013,STD,0.411,50781882,0.391,133407496,0.02,0.359,0.419
2013-001,1/1/2013,1/8/2013,STD,0.403,57625507,0.387,133465446,0.016,0.352,0.443
2013-009,1/9/2013,1/16/2013,STD,0.356,57369634,0.375,132776636,-0.019,0.35,0.42
2013-017,1/17/2013,1/24/2013,STD,0.375,83530006,0.372,127877472,0.003,0.353,0.398
2013-025,1/25/2013,2/1/2013,STD,0.363,78110392,0.366,128382554,-0.003,0.343,0.391
2013-033,2/2/2013,2/9/2013,STD,0.362,86065076,0.366,130660570,-0.004,0.345,0.394
2013-041,2/10/2013,2/17/2013,STD,0.361,90344061,0.359,129509639,0.002,0.332,0.379
2013-049,2/18/2013,2/25/2013,STD,0.359,83245021,0.355,132746270,0.004,0.332,0.4
2013-057,2/26/2013,3/5/2013,STD,0.353,80045532,0.354,133463347,-0.001,0.329,0.384
2013-065,3/6/2013,3/13/2013,STD,0.349,92931179,0.351,138223208,-0.002,0.331,0.391
2013-073,3/14/2013,3/21/2013,STD,0.341,96995192,0.356,140284640,-0.015,0.339,0.387
2013-081,3/22/2013,3/29/2013,STD,0.347,100091806,0.37,142033072,-0.023,0.344,0.407
2013-089,3/30/2013,4/6/2013,STD,0.359,116033048,0.385,143092746,-0.026,0.335,0.425
2013-097,4/7/2013,4/14/2013,STD,0.394,100050290,0.402,144030372,-0.008,0.377,0.443
2013-105,4/15/2013,4/22/2013,STD,0.435,104050244,0.423,147410873,0.012,0.388,0.463
2013-113,4/23/2013,4/30/2013,STD,0.418,126269806,0.447,152162446,-0.029,0.413,0.478
2013-121,5/1/2013,5/8/2013,STD,0.416,116213248,0.463,155305648,-0.047,0.416,0.502
2013-129,5/9/2013,5/16/2013,STD,0.462,132468568,0.484,158410915,-0.022,0.462,0.506
2013-137,5/17/2013,5/24/2013,STD,0.483,128094978,0.501,161934168,-0.018,0.475,0.536
2013-145,5/25/2013,6/1/2013,STD,0.496,124553278,0.518,165163803,-0.022,0.493,0.539
2013-153,6/2/2013,6/9/2013,STD,0.503,136691209,0.527,166439907,-0.024,0.497,0.549
2013-161,6/10/2013,6/17/2013,STD,0.525,150777463,0.543,167262493,-0.018,0.52,0.57
2013-169,6/18/2013,6/25/2013,STD,0.542,144782862,0.555,167648468,-0.013,0.527,0.578
2013-177,6/26/2013,7/3/2013,STD,0.537,140677488,0.564,168075347,-0.027,0.537,0.584
2013-185,7/4/2013,7/11/2013,STD,0.55,135830603,0.573,168359211,-0.023,0.55,0.595
2013-193,7/12/2013,7/19/2013,STD,0.577,147145035,0.575,168411641,0.002,0.545,0.591
2013-201,7/20/2013,7/27/2013,STD,0.579,141752289,0.576,168523343,0.003,0.542,0.595
2013-209,7/28/2013,8/4/2013,STD,0.571,139356357,0.575,168695543,-0.004,0.523,0.593
2013-217,8/5/2013,8/12/2013,STD,0.571,137815596,0.57,168756004,0.001,0.533,0.586
2013-225,8/13/2013,8/20/2013,STD,0.571,140632891,0.566,168791851,0.005,0.536,0.583
2013-233,8/21/2013,8/28/2013,STD,0.59,145560417,0.564,168785512,0.026,0.533,0.59
2013-241,8/29/2013,9/5/2013,STD,0.564,147460655,0.55,168796120,0.014,0.509,0.575
2013-249,9/6/2013,9/13/2013,STD,0.553,142077960,0.536,168781608,0.017,0.513,0.559
2013-257,9/14/2013,9/21/2013,STD,0.542,153675664,0.523,168734539,0.019,0.492,0.548
2013-265,9/22/2013,9/29/2013,STD,0.523,139839244,0.507,168477990,0.016,0.474,0.53
2013-273,9/30/2013,10/7/2013,STD,0.503,141388331,0.492,167808193,0.011,0.459,0.508
2013-281,10/8/2013,10/15/2013,STD,0.491,130993323,0.476,166022262,0.015,0.455,0.5
2013-289,10/16/2013,10/23/2013,STD,0.474,134383428,0.46,163297886,0.014,0.439,0.474
2013-297,10/24/2013,10/31/2013,STD,0.453,133694637,0.444,157554566,0.009,0.424,0.457
2013-305,11/1/2013,11/8/2013,STD,0.434,121457541,0.428,154788191,0.006,0.411,0.445
2013-313,11/9/2013,11/16/2013,STD,0.412,127192026,0.419,151008456,-0.007,0.405,0.442
2013-321,11/17/2013,11/24/2013,STD,0.41,115293128,0.405,149387756,0.005,0.39,0.425
2013-329,11/25/2013,12/2/2013,STD,0.399,105483216,0.401,146218369,-0.002,0.384,0.443
2013-337,12/3/2013,12/10/2013,STD,0.39,58583563,0.397,145600841,-0.007,0.367,0.425
2013-345,12/11/2013,12/18/2013,STD,0.398,72879763,0.394,141959008,0.004,0.369,0.417
2013-353,12/19/2013,12/26/2013,STD,0.4,77233359,0.39,137801633,0.01,0.371,0.423
2013-361,12/27/2013,1/3/2014,STD,0.378,82492663,0.391,133407496,-0.013,0.359,0.419
2014-001,1/1/2014,1/8/2014,STD,0.386,72929824,0.387,133465446,-0.001,0.352,0.443
2014-009,1/9/2014,1/16/2014,STD,0.37,86236129,0.375,132776636,-0.005,0.35,0.42
2014-017,1/17/2014,1/24/2014,STD,0.358,90158415,0.372,127877472,-0.014,0.353,0.398
2014-025,1/25/2014,2/1/2014,STD,0.347,83764701,0.366,128382554,-0.019,0.343,0.391
2014-033,2/2/2014,2/9/2014,STD,0.356,45859612,0.366,130660570,-0.01,0.345,0.394
2014-041,2/10/2014,2/17/2014,STD,0.34,72189972,0.359,129509639,-0.019,0.332,0.379
2014-049,2/18/2014,2/25/2014,STD,0.332,86677007,0.355,132746270,-0.023,0.332,0.4
2014-057,2/26/2014,3/5/2014,STD,0.347,78710595,0.354,133463347,-0.007,0.329,0.384
2014-065,3/6/2014,3/13/2014,STD,0.34,106043198,0.351,138223208,-0.011,0.331,0.391
2014-073,3/14/2014,3/21/2014,STD,0.34,106028134,0.356,140284640,-0.016,0.339,0.387
2014-081,3/22/2014,3/29/2014,STD,0.347,103367399,0.37,142033072,-0.023,0.344,0.407
2014-089,3/30/2014,4/6/2014,STD,0.365,103212676,0.385,143092746,-0.02,0.335,0.425
2014-097,4/7/2014,4/14/2014,STD,0.377,122089323,0.402,144030372,-0.025,0.377,0.443
2014-105,4/15/2014,4/22/2014,STD,0.392,125422109,0.423,147410873,-0.031,0.388,0.463
2014-113,4/23/2014,4/30/2014,STD,0.426,126366113,0.447,152162446,-0.021,0.413,0.478
2014-121,5/1/2014,5/8/2014,STD,0.44,136919420,0.463,155305648,-0.023,0.416,0.502
2014-129,5/9/2014,5/16/2014,STD,0.465,128123900,0.484,158410915,-0.019,0.462,0.506
2014-137,5/17/2014,5/24/2014,STD,0.485,139688893,0.501,161934168,-0.016,0.475,0.536
2014-145,5/25/2014,6/1/2014,STD,0.493,124050544,0.518,165163803,-0.025,0.493,0.539
2014-153,6/2/2014,6/9/2014,STD,0.515,134298517,0.527,166439907,-0.012,0.497,0.549
2014-161,6/10/2014,6/17/2014,STD,0.543,140991870,0.543,167262493,0,0.52,0.57
2014-169,6/18/2014,6/25/2014,STD,0.549,136128583,0.555,167648468,-0.006,0.527,0.578
2014-177,6/26/2014,7/3/2014,STD,0.562,142770628,0.564,168075347,-0.002,0.537,0.584
2014-185,7/4/2014,7/11/2014,STD,0.586,150961005,0.573,168359211,0.013,0.55,0.595
2014-193,7/12/2014,7/19/2014,STD,0.57,134472756,0.575,168411641,-0.005,0.545,0.591
2014-201,7/20/2014,7/27/2014,STD,0.577,146731062,0.576,168523343,0.001,0.542,0.595
2014-209,7/28/2014,8/4/2014,STD,0.591,141366490,0.575,168695543,0.016,0.523,0.593
2014-217,8/5/2014,8/12/2014,STD,0.576,139541968,0.57,168756004,0.006,0.533,0.586
2014-225,8/13/2014,8/20/2014,STD,0.579,145037453,0.566,168791851,0.013,0.536,0.583
2014-233,8/21/2014,8/28/2014,STD,0.575,149682837,0.564,168785512,0.011,0.533,0.59
2014-241,8/29/2014,9/5/2014,STD,0.559,145497406,0.55,168796120,0.009,0.509,0.575
2014-249,9/6/2014,9/13/2014,STD,0.55,146945976,0.536,168781608,0.014,0.513,0.559
2014-257,9/14/2014,9/21/2014,STD,0.548,142702264,0.523,168734539,0.025,0.492,0.548
2014-265,9/22/2014,9/29/2014,STD,0.522,149139344,0.507,168477990,0.015,0.474,0.53
2014-273,9/30/2014,10/7/2014,STD,0.504,144484032,0.492,167808193,0.012,0.459,0.508
2014-281,10/8/2014,10/15/2014,STD,0.489,144003746,0.476,166022262,0.013,0.455,0.5
2014-289,10/16/2014,10/23/2014,STD,0.461,139131475,0.46,163297886,0.001,0.439,0.474
2014-297,10/24/2014,10/31/2014,STD,0.449,135703015,0.444,157554566,0.005,0.424,0.457
2014-305,11/1/2014,11/8/2014,STD,0.441,128639689,0.428,154788191,0.013,0.411,0.445
2014-313,11/9/2014,11/16/2014,STD,0.442,104293864,0.419,151008456,0.023,0.405,0.442
2014-321,11/17/2014,11/24/2014,STD,0.41,96573500,0.405,149387756,0.005,0.39,0.425
2014-329,11/25/2014,12/2/2014,STD,0.393,92827687,0.401,146218369,-0.008,0.384,0.443
2014-337,12/3/2014,12/10/2014,STD,0.381,77915613,0.397,145600841,-0.016,0.367,0.425
2014-345,12/11/2014,12/18/2014,STD,0.395,79739789,0.394,141959008,0.001,0.369,0.417
2014-353,12/19/2014,12/26/2014,STD,0.39,86728931,0.39,137801633,0,0.371,0.423
2014-361,12/27/2014,1/3/2015,STD,0.401,74058918,0.391,133407496,0.01,0.359,0.419
2015-001,1/1/2015,1/8/2015,STD,0.413,71449881,0.387,133465446,0.026,0.352,0.443
2015-009,1/9/2015,1/16/2015,STD,0.387,74985627,0.375,132776636,0.012,0.35,0.42
2015-017,1/17/2015,1/24/2015,STD,0.37,91713738,0.372,127877472,-0.002,0.353,0.398
2015-025,1/25/2015,2/1/2015,STD,0.362,98157181,0.366,128382554,-0.004,0.343,0.391
2015-033,2/2/2015,2/9/2015,STD,0.345,89201697,0.366,130660570,-0.021,0.345,0.394
2015-041,2/10/2015,2/17/2015,STD,0.359,99971170,0.359,129509639,0,0.332,0.379
2015-049,2/18/2015,2/25/2015,STD,0.356,85333369,0.355,132746270,0.001,0.332,0.4
2015-057,2/26/2015,3/5/2015,STD,0.361,73381464,0.354,133463347,0.007,0.329,0.384
2015-065,3/6/2015,3/13/2015,STD,0.34,109071167,0.351,138223208,-0.011,0.331,0.391
2015-073,3/14/2015,3/21/2015,STD,0.344,113074071,0.356,140284640,-0.012,0.339,0.387
2015-081,3/22/2015,3/29/2015,STD,0.372,123149364,0.37,142033072,0.002,0.344,0.407
2015-089,3/30/2015,4/6/2015,STD,0.379,123107381,0.385,143092746,-0.006,0.335,0.425
2015-097,4/7/2015,4/14/2015,STD,0.388,117949039,0.402,144030372,-0.014,0.377,0.443
2015-105,4/15/2015,4/22/2015,STD,0.436,127490819,0.423,147410873,0.013,0.388,0.463
2015-113,4/23/2015,4/30/2015,STD,0.45,134332183,0.447,152162446,0.003,0.413,0.478
2015-121,5/1/2015,5/8/2015,STD,0.48,132904774,0.463,155305648,0.017,0.416,0.502
2015-129,5/9/2015,5/16/2015,STD,0.504,121692869,0.484,158410915,0.02,0.462,0.506
2015-137,5/17/2015,5/24/2015,STD,0.536,122734132,0.501,161934168,0.035,0.475,0.536
2015-145,5/25/2015,6/1/2015,STD,0.525,130636523,0.518,165163803,0.007,0.493,0.539
2015-153,6/2/2015,6/9/2015,STD,0.54,139234077,0.527,166439907,0.013,0.497,0.549
2015-161,6/10/2015,6/17/2015,STD,0.57,149090222,0.543,167262493,0.027,0.52,0.57
2015-169,6/18/2015,6/25/2015,STD,0.575,150067601,0.555,167648468,0.02,0.527,0.578
2015-177,6/26/2015,7/3/2015,STD,0.57,132934652,0.564,168075347,0.006,0.537,0.584
2015-185,7/4/2015,7/11/2015,STD,0.588,134270746,0.573,168359211,0.015,0.55,0.595
2015-193,7/12/2015,7/19/2015,STD,0.591,140523330,0.575,168411641,0.016,0.545,0.591
2015-201,7/20/2015,7/27/2015,STD,0.588,146808904,0.576,168523343,0.012,0.542,0.595
2015-209,7/28/2015,8/4/2015,STD,0.593,156589796,0.575,168695543,0.018,0.523,0.593
2015-217,8/5/2015,8/12/2015,STD,0.577,147345717,0.57,168756004,0.007,0.533,0.586
2015-225,8/13/2015,8/20/2015,STD,0.573,142512093,0.566,168791851,0.007,0.536,0.583
2015-233,8/21/2015,8/28/2015,STD,0.569,146210959,0.564,168785512,0.005,0.533,0.59
2015-241,8/29/2015,9/5/2015,STD,0.548,144731992,0.55,168796120,-0.002,0.509,0.575
2015-249,9/6/2015,9/13/2015,STD,0.529,141883031,0.536,168781608,-0.007,0.513,0.559
2015-257,9/14/2015,9/21/2015,STD,0.525,146790618,0.523,168734539,0.002,0.492,0.548
2015-265,9/22/2015,9/29/2015,STD,0.491,141050872,0.507,168477990,-0.016,0.474,0.53
2015-273,9/30/2015,10/7/2015,STD,0.491,137240809,0.492,167808193,-0.001,0.459,0.508
2015-281,10/8/2015,10/15/2015,STD,0.47,148726096,0.476,166022262,-0.006,0.455,0.5
2015-289,10/16/2015,10/23/2015,STD,0.457,138240089,0.46,163297886,-0.003,0.439,0.474
2015-297,10/24/2015,10/31/2015,STD,0.43,122938045,0.444,157554566,-0.014,0.424,0.457
2015-305,11/1/2015,11/8/2015,STD,0.417,121847966,0.428,154788191,-0.011,0.411,0.445
2015-313,11/9/2015,11/16/2015,STD,0.425,120631565,0.419,151008456,0.006,0.405,0.442
2015-321,11/17/2015,11/24/2015,STD,0.424,116722081,0.405,149387756,0.019,0.39,0.425
2015-329,11/25/2015,12/2/2015,STD,0.427,91463824,0.401,146218369,0.026,0.384,0.443
2015-337,12/3/2015,12/10/2015,STD,0.412,104136680,0.397,145600841,0.015,0.367,0.425
2015-345,12/11/2015,12/18/2015,STD,0.417,82390626,0.394,141959008,0.023,0.369,0.417
2015-353,12/19/2015,12/26/2015,STD,0.423,79162619,0.39,137801633,0.033,0.371,0.423
2015-361,12/27/2015,1/3/2016,STD,0.419,59065728,0.391,133407496,0.028,0.359,0.419
2016-001,1/1/2016,1/8/2016,STD,0.443,68540669,0.387,133465446,0.056,0.352,0.443
2016-009,1/9/2016,1/16/2016,STD,0.42,70000284,0.375,132776636,0.045,0.35,0.42
2016-017,1/17/2016,1/24/2016,STD,0.398,66364577,0.372,127877472,0.026,0.353,0.398
2016-025,1/25/2016,2/1/2016,STD,0.381,81621042,0.366,128382554,0.015,0.343,0.391
2016-033,2/2/2016,2/9/2016,STD,0.394,85705535,0.366,130660570,0.028,0.345,0.394
2016-041,2/10/2016,2/17/2016,STD,0.368,78056025,0.359,129509639,0.009,0.332,0.379
2016-049,2/18/2016,2/25/2016,STD,0.361,106002823,0.355,132746270,0.006,0.332,0.4
2016-057,2/26/2016,3/4/2016,STD,0.362,107556340,0.354,133463347,0.008,0.329,0.384
2016-065,3/5/2016,3/12/2016,STD,0.357,107653451,0.351,138223208,0.006,0.331,0.391
2016-073,3/13/2016,3/20/2016,STD,0.387,120120089,0.356,140284640,0.031,0.339,0.387
2016-081,3/21/2016,3/28/2016,STD,0.394,118416037,0.37,142033072,0.024,0.344,0.407
2016-089,3/29/2016,4/5/2016,STD,0.412,127234446,0.385,143092746,0.027,0.335,0.425
2016-097,4/6/2016,4/13/2016,STD,0.421,126879853,0.402,144030372,0.019,0.377,0.443
2016-105,4/14/2016,4/21/2016,STD,0.435,125260150,0.423,147410873,0.012,0.388,0.463
2016-113,4/22/2016,4/29/2016,STD,0.474,124383561,0.447,152162446,0.027,0.413,0.478
2016-121,4/30/2016,5/7/2016,STD,0.483,132154099,0.463,155305648,0.02,0.416,0.502
2016-129,5/8/2016,5/15/2016,STD,0.505,142005146,0.484,158410915,0.021,0.462,0.506
2016-137,5/16/2016,5/23/2016,STD,0.515,125389442,0.501,161934168,0.014,0.475,0.536
2016-145,5/24/2016,5/31/2016,STD,0.539,141660913,0.518,165163803,0.021,0.493,0.539
2016-153,6/1/2016,6/8/2016,STD,0.549,147805550,0.527,166439907,0.022,0.497,0.549
2016-161,6/9/2016,6/16/2016,STD,0.566,154589943,0.543,167262493,0.023,0.52,0.57
2016-169,6/17/2016,6/24/2016,STD,0.567,154226407,0.555,167648468,0.012,0.527,0.578
2016-177,6/25/2016,7/2/2016,STD,0.58,149814485,0.564,168075347,0.016,0.537,0.584
2016-185,7/3/2016,7/10/2016,STD,0.57,142016771,0.573,168359211,-0.003,0.55,0.595
2016-193,7/11/2016,7/18/2016,STD,0.586,153928583,0.575,168411641,0.011,0.545,0.591
2016-201,7/19/2016,7/26/2016,STD,0.584,148200279,0.576,168523343,0.008,0.542,0.595
2016-209,7/27/2016,8/3/2016,STD,0.569,139100152,0.575,168695543,-0.006,0.523,0.593
2016-217,8/4/2016,8/11/2016,STD,0.569,136504400,0.57,168756004,-0.001,0.533,0.586
2016-225,8/12/2016,8/19/2016,STD,0.555,132435365,0.566,168791851,-0.011,0.536,0.583
2016-233,8/20/2016,8/27/2016,STD,0.576,143730829,0.564,168785512,0.012,0.533,0.59
2016-241,8/28/2016,9/4/2016,STD,0.575,152773155,0.55,168796120,0.025,0.509,0.575
2016-249,9/5/2016,9/12/2016,STD,0.559,157296944,0.536,168781608,0.023,0.513,0.559
2016-257,9/13/2016,9/20/2016,STD,0.539,148073226,0.523,168734539,0.016,0.492,0.548
2016-265,9/21/2016,9/28/2016,STD,0.523,149297120,0.507,168477990,0.016,0.474,0.53
2016-273,9/29/2016,10/6/2016,STD,0.508,149862884,0.492,167808193,0.016,0.459,0.508
2016-281,10/7/2016,10/14/2016,STD,0.5,155337381,0.476,166022262,0.024,0.455,0.5
2016-289,10/15/2016,10/22/2016,STD,0.468,143550841,0.46,163297886,0.008,0.439,0.474
2016-297,10/23/2016,10/30/2016,STD,0.454,126211457,0.444,157554566,0.01,0.424,0.457
2016-305,10/31/2016,11/7/2016,STD,0.442,140476480,0.428,154788191,0.014,0.411,0.445
2016-313,11/8/2016,11/15/2016,STD,0.437,139674107,0.419,151008456,0.018,0.405,0.442
2016-321,11/16/2016,11/23/2016,STD,0.425,118491614,0.405,149387756,0.02,0.39,0.425
2016-329,11/24/2016,12/1/2016,STD,0.403,100249687,0.401,146218369,0.002,0.384,0.443
2016-337,12/2/2016,12/9/2016,STD,0.397,81237089,0.397,145600841,0,0.367,0.425
2016-345,12/10/2016,12/17/2016,STD,0.397,65882975,0.394,141959008,0.003,0.369,0.417
2016-353,12/18/2016,12/25/2016,STD,0.404,71963232,0.39,137801633,0.014,0.371,0.423
2016-361,12/26/2016,1/2/2017,STD,0.398,78483402,0.391,133407496,0.007,0.359,0.419
2017-001,1/1/2017,1/8/2017,STD,0.394,66863720,0.387,133465446,0.007,0.352,0.443
2017-009,1/9/2017,1/16/2017,STD,0.386,48556123,0.375,132776636,0.011,0.35,0.42
2017-017,1/17/2017,1/24/2017,STD,0.386,69069753,0.372,127877472,0.014,0.353,0.398
2017-025,1/25/2017,2/1/2017,STD,0.391,72059012,0.366,128382554,0.025,0.343,0.391
2017-033,2/2/2017,2/9/2017,STD,0.369,73696536,0.366,130660570,0.003,0.345,0.394
2017-041,2/10/2017,2/17/2017,STD,0.363,98130625,0.359,129509639,0.004,0.332,0.379
2017-049,2/18/2017,2/25/2017,STD,0.364,98573559,0.355,132746270,0.009,0.332,0.4
2017-057,2/26/2017,3/5/2017,STD,0.37,96920166,0.354,133463347,0.016,0.329,0.384
2017-065,3/6/2017,3/13/2017,STD,0.37,102019392,0.351,138223208,0.019,0.331,0.391
2017-073,3/14/2017,3/21/2017,STD,0.371,108683790,0.356,140284640,0.015,0.339,0.387
2017-081,3/22/2017,3/29/2017,STD,0.381,110511332,0.37,142033072,0.011,0.344,0.407
2017-089,3/30/2017,4/6/2017,STD,0.41,117236280,0.385,143092746,0.025,0.335,0.425
2017-097,4/7/2017,4/14/2017,STD,0.418,123279147,0.402,144030372,0.016,0.377,0.443
2017-105,4/15/2017,4/22/2017,STD,0.436,115634006,0.423,147410873,0.013,0.388,0.463
2017-113,4/23/2017,4/30/2017,STD,0.478,115429249,0.447,152162446,0.031,0.413,0.478
2017-121,5/1/2017,5/8/2017,STD,0.485,138882248,0.463,155305648,0.022,0.416,0.502
2017-129,5/9/2017,5/16/2017,STD,0.506,145464671,0.484,158410915,0.022,0.462,0.506
2017-137,5/17/2017,5/24/2017,STD,0.512,125663829,0.501,161934168,0.011,0.475,0.536
2017-145,5/25/2017,6/1/2017,STD,0.525,144388135,0.518,165163803,0.007,0.493,0.539
2017-153,6/2/2017,6/9/2017,STD,0.538,146901336,0.527,166439907,0.011,0.497,0.549
2017-161,6/10/2017,6/17/2017,STD,0.544,145079790,0.543,167262493,0.001,0.52,0.57
2017-169,6/18/2017,6/25/2017,STD,0.548,141520145,0.555,167648468,-0.007,0.527,0.578
2017-177,6/26/2017,7/3/2017,STD,0.555,143351992,0.564,168075347,-0.009,0.537,0.584
2017-185,7/4/2017,7/11/2017,STD,0.578,150462866,0.573,168359211,0.005,0.55,0.595
2017-193,7/12/2017,7/19/2017,STD,0.583,144120769,0.575,168411641,0.008,0.545,0.591
2017-201,7/20/2017,7/27/2017,STD,0.582,146347197,0.576,168523343,0.006,0.542,0.595
2017-209,7/28/2017,8/4/2017,STD,0.587,143614901,0.575,168695543,0.012,0.523,0.593
2017-217,8/5/2017,8/12/2017,STD,0.586,135873446,0.57,168756004,0.016,0.533,0.586
2017-225,8/13/2017,8/20/2017,STD,0.581,140109389,0.566,168791851,0.015,0.536,0.583
2017-233,8/21/2017,8/28/2017,STD,0.586,144743009,0.564,168785512,0.022,0.533,0.59
2017-241,8/29/2017,9/5/2017,STD,0.561,146518273,0.55,168796120,0.011,0.509,0.575
2017-249,9/6/2017,9/13/2017,STD,0.55,148026693,0.536,168781608,0.014,0.513,0.559
2017-257,9/14/2017,9/21/2017,STD,0.528,143521875,0.523,168734539,0.005,0.492,0.548
2017-265,9/22/2017,9/29/2017,STD,0.523,145697700,0.507,168477990,0.016,0.474,0.53
2017-273,9/30/2017,10/7/2017,STD,0.507,145927702,0.492,167808193,0.015,0.459,0.508
2017-281,10/8/2017,10/15/2017,STD,0.483,140632958,0.476,166022262,0.007,0.455,0.5
2017-289,10/16/2017,10/23/2017,STD,0.47,143277162,0.46,163297886,0.01,0.439,0.474
2017-297,10/24/2017,10/31/2017,STD,0.454,135585264,0.444,157554566,0.01,0.424,0.457
2017-305,11/1/2017,11/8/2017,STD,0.423,96805293,0.428,154788191,-0.005,0.411,0.445
2017-313,11/9/2017,11/16/2017,STD,0.417,105752220,0.419,151008456,-0.002,0.405,0.442
2017-321,11/17/2017,11/24/2017,STD,0.403,116561796,0.405,149387756,-0.002,0.39,0.425
2017-329,11/25/2017,12/2/2017,STD,0.391,120906936,0.401,146218369,-0.01,0.384,0.443
2017-337,12/3/2017,12/10/2017,STD,0.399,106695672,0.397,145600841,0.002,0.367,0.425
2017-345,12/11/2017,12/18/2017,STD,0.381,97406638,0.394,141959008,-0.013,0.369,0.417
2017-353,12/19/2017,12/26/2017,STD,0.376,79694461,0.39,137801633,-0.014,0.371,0.423
2017-361,12/27/2017,1/3/2018,STD,0.393,74151573,0.391,133407496,0.002,0.359,0.419
2018-001,1/1/2018,1/8/2018,STD,0.382,74526933,0.387,133465446,-0.005,0.352,0.443
2018-009,1/9/2018,1/16/2018,STD,0.37,78749811,0.375,132776636,-0.005,0.35,0.42
2018-017,1/17/2018,1/24/2018,STD,0.353,73078913,0.372,127877472,-0.019,0.353,0.398
2018-025,1/25/2018,2/1/2018,STD,0.354,89418638,0.366,128382554,-0.012,0.343,0.391
2018-033,2/2/2018,2/9/2018,STD,0.352,81167647,0.366,130660570,-0.014,0.345,0.394
2018-041,2/10/2018,2/17/2018,STD,0.332,67906408,0.359,129509639,-0.027,0.332,0.379
2018-049,2/18/2018,2/25/2018,STD,0.34,60450126,0.355,132746270,-0.015,0.332,0.4
2018-057,2/26/2018,3/5/2018,STD,0.363,93514508,0.354,133463347,0.009,0.329,0.384
2018-065,3/6/2018,3/13/2018,STD,0.36,90295823,0.351,138223208,0.009,0.331,0.391
2018-073,3/14/2018,3/21/2018,STD,0.357,96509697,0.356,140284640,0.001,0.339,0.387
2018-081,3/22/2018,3/29/2018,STD,0.352,96789703,0.37,142033072,-0.018,0.344,0.407
2018-089,3/30/2018,4/6/2018,STD,0.382,102619004,0.385,143092746,-0.003,0.335,0.425
2018-097,4/7/2018,4/14/2018,STD,0.39,98897323,0.402,144030372,-0.012,0.377,0.443
2018-105,4/15/2018,4/22/2018,STD,0.399,120763151,0.423,147410873,-0.024,0.388,0.463
2018-113,4/23/2018,4/30/2018,STD,0.413,133420029,0.447,152162446,-0.034,0.413,0.478
2018-121,5/1/2018,5/8/2018,STD,0.444,135710162,0.463,155305648,-0.019,0.416,0.502
2018-129,5/9/2018,5/16/2018,STD,0.484,131587849,0.484,158410915,0,0.462,0.506
2018-137,5/17/2018,5/24/2018,STD,0.505,127964498,0.501,161934168,0.004,0.475,0.536
2018-145,5/25/2018,6/1/2018,STD,0.512,135676325,0.518,165163803,-0.006,0.493,0.539
2018-153,6/2/2018,6/9/2018,STD,0.536,149439225,0.527,166439907,0.009,0.497,0.549
2018-161,6/10/2018,6/17/2018,STD,0.55,143396347,0.543,167262493,0.007,0.52,0.57
2018-169,6/18/2018,6/25/2018,STD,0.56,133775226,0.555,167648468,0.005,0.527,0.578
2018-177,6/26/2018,7/3/2018,STD,0.58,153073438,0.564,168075347,0.016,0.537,0.584
2018-185,7/4/2018,7/11/2018,STD,0.595,145261229,0.573,168359211,0.022,0.55,0.595
2018-193,7/12/2018,7/19/2018,STD,0.581,146227563,0.575,168411641,0.006,0.545,0.591
2018-201,7/20/2018,7/27/2018,STD,0.583,147654294,0.576,168523343,0.007,0.542,0.595
2018-209,7/28/2018,8/4/2018,STD,0.57,142067114,0.575,168695543,-0.005,0.523,0.593
2018-217,8/5/2018,8/12/2018,STD,0.575,141294348,0.57,168756004,0.005,0.533,0.586
2018-225,8/13/2018,8/20/2018,STD,0.55,133854471,0.566,168791851,-0.016,0.536,0.583
2018-233,8/21/2018,8/28/2018,STD,0.565,145349583,0.564,168785512,0.001,0.533,0.59
2018-241,8/29/2018,9/5/2018,STD,0.548,138089041,0.55,168796120,-0.002,0.509,0.575
2018-249,9/6/2018,9/13/2018,STD,0.518,138092985,0.536,168781608,-0.018,0.513,0.559
2018-257,9/14/2018,9/21/2018,STD,0.523,148599809,0.523,168734539,0,0.492,0.548
2018-265,9/22/2018,9/29/2018,STD,0.504,137638233,0.507,168477990,-0.003,0.474,0.53
2018-273,9/30/2018,10/7/2018,STD,0.503,127687879,0.492,167808193,0.011,0.459,0.508
2018-281,10/8/2018,10/15/2018,STD,0.495,138383878,0.476,166022262,0.019,0.455,0.5
2018-289,10/16/2018,10/23/2018,STD,0.474,139792939,0.46,163297886,0.014,0.439,0.474
2018-297,10/24/2018,10/31/2018,STD,0.455,130887953,0.444,157554566,0.011,0.424,0.457
2018-305,11/1/2018,11/8/2018,STD,0.434,104728452,0.428,154788191,0.006,0.411,0.445
2018-313,11/9/2018,11/16/2018,STD,0.418,113875902,0.419,151008456,-0.001,0.405,0.442
2018-321,11/17/2018,11/24/2018,STD,0.406,102429361,0.405,149387756,0.001,0.39,0.425
2018-329,11/25/2018,12/2/2018,STD,0.39,85685260,0.401,146218369,-0.011,0.384,0.443
2018-337,12/3/2018,12/10/2018,STD,0.419,73290207,0.397,145600841,0.022,0.367,0.425
2018-345,12/11/2018,12/18/2018,STD,0.387,89672529,0.394,141959008,-0.007,0.369,0.417
2018-353,12/19/2018,12/26/2018,STD,0.384,94721803,0.39,137801633,-0.006,0.371,0.423
2018-361,12/27/2018,1/3/2019,STD,0.369,55785365,0.391,133407496,-0.022,0.359,0.419
2019-001,1/1/2019,1/8/2019,STD,0.398,86241780,0.387,133465446,0.011,0.352,0.443
2019-009,1/9/2019,1/16/2019,STD,0.388,81814248,0.375,132776636,0.013,0.35,0.42
2019-017,1/17/2019,1/24/2019,STD,0.391,63858172,0.372,127877472,0.019,0.353,0.398
2019-025,1/25/2019,2/1/2019,STD,0.385,77857027,0.366,128382554,0.019,0.343,0.391
2019-033,2/2/2019,2/9/2019,STD,0.366,63634644,0.366,130660570,0,0.345,0.394
2019-041,2/10/2019,2/17/2019,STD,0.379,67075045,0.359,129509639,0.02,0.332,0.379
2019-049,2/18/2019,2/25/2019,STD,0.4,61181980,0.355,132746270,0.045,0.332,0.4
2019-057,2/26/2019,3/5/2019,STD,0.384,60040616,0.354,133463347,0.03,0.329,0.384
2019-065,3/6/2019,3/13/2019,STD,0.391,75485152,0.351,138223208,0.04,0.331,0.391
2019-073,3/14/2019,3/21/2019,STD,0.379,91865496,0.356,140284640,0.023,0.339,0.387
2019-081,3/22/2019,3/29/2019,STD,0.382,97980516,0.37,142033072,0.012,0.344,0.407
2019-089,3/30/2019,4/6/2019,STD,0.388,106131155,0.385,143092746,0.003,0.335,0.425
2019-097,4/7/2019,4/14/2019,STD,0.405,104639726,0.402,144030372,0.003,0.377,0.443
2019-105,4/15/2019,4/22/2019,STD,0.432,129658635,0.423,147410873,0.009,0.388,0.463
2019-113,4/23/2019,4/30/2019,STD,0.464,128865197,0.447,152162446,0.017,0.413,0.478
2019-121,5/1/2019,5/8/2019,STD,0.482,126484625,0.463,155305648,0.019,0.416,0.502
2019-129,5/9/2019,5/16/2019,STD,0.494,128317298,0.484,158410915,0.01,0.462,0.506
2019-137,5/17/2019,5/24/2019,STD,0.535,115051779,0.501,161934168,0.034,0.475,0.536
2019-145,5/25/2019,6/1/2019,STD,0.539,134519695,0.518,165163803,0.021,0.493,0.539
2019-153,6/2/2019,6/9/2019,STD,0.544,147601652,0.527,166439907,0.017,0.497,0.549
2019-161,6/10/2019,6/17/2019,STD,0.562,148806954,0.543,167262493,0.019,0.52,0.57
2019-169,6/18/2019,6/25/2019,STD,0.574,143880464,0.555,167648468,0.019,0.527,0.578
2019-177,6/26/2019,7/3/2019,STD,0.584,150089342,0.564,168075347,0.02,0.537,0.584
2019-185,7/4/2019,7/11/2019,STD,0.592,148305204,0.573,168359211,0.019,0.55,0.595
2019-193,7/12/2019,7/19/2019,STD,0.584,144528301,0.575,168411641,0.009,0.545,0.591
2019-201,7/20/2019,7/27/2019,STD,0.595,148422258,0.576,168523343,0.019,0.542,0.595
2019-209,7/28/2019,8/4/2019,STD,0.591,144250003,0.575,168695543,0.016,0.523,0.593
2019-217,8/5/2019,8/12/2019,STD,0.585,146583476,0.57,168756004,0.015,0.533,0.586
2019-225,8/13/2019,8/20/2019,STD,0.583,152219638,0.566,168791851,0.017,0.536,0.583
2019-233,8/21/2019,8/28/2019,STD,0.569,144504451,0.564,168785512,0.005,0.533,0.59
2019-241,8/29/2019,9/5/2019,STD,0.568,152381179,0.55,168796120,0.018,0.509,0.575
2019-249,9/6/2019,9/13/2019,STD,0.547,143693387,0.536,168781608,0.011,0.513,0.559
2019-257,9/14/2019,9/21/2019,STD,0.545,154164683,0.523,168734539,0.022,0.492,0.548
2019-265,9/22/2019,9/29/2019,STD,0.53,151156837,0.507,168477990,0.023,0.474,0.53
2019-273,9/30/2019,10/7/2019,STD,0.506,147114942,0.492,167808193,0.014,0.459,0.508
2019-281,10/8/2019,10/15/2019,STD,0.486,140332476,0.476,166022262,0.01,0.455,0.5
2019-289,10/16/2019,10/23/2019,STD,0.461,138989988,0.46,163297886,0.001,0.439,0.474
2019-297,10/24/2019,10/31/2019,STD,0.445,126415688,0.444,157554566,0.001,0.424,0.457
2019-305,11/1/2019,11/8/2019,STD,0.432,117401347,0.428,154788191,0.004,0.411,0.445
2019-313,11/9/2019,11/16/2019,STD,0.405,112254674,0.419,151008456,-0.014,0.405,0.442
2019-321,11/17/2019,11/24/2019,STD,0.393,114139060,0.405,149387756,-0.012,0.39,0.425
2019-329,11/25/2019,12/2/2019,STD,0.417,78071497,0.401,146218369,0.016,0.384,0.443
2019-337,12/3/2019,12/10/2019,STD,0.392,80140844,0.397,145600841,-0.005,0.367,0.425
2019-345,12/11/2019,12/18/2019,STD,0.398,71804292,0.394,141959008,0.004,0.369,0.417
2019-353,12/19/2019,12/26/2019,STD,0.389,82933761,0.39,137801633,-0.001,0.371,0.423
2019-361,12/27/2019,1/3/2020,STD,0.396,78762754,0.391,133407496,0.005,0.359,0.419
2020-001,1/1/2020,1/8/2020,STD,0.38,86403872,0.387,133465446,-0.007,0.352,0.443
2020-009,1/9/2020,1/16/2020,STD,0.361,60400046,0.375,132776636,-0.014,0.35,0.42
2020-017,1/17/2020,1/24/2020,STD,0.385,72002612,0.372,127877472,0.013,0.353,0.398
2020-025,1/25/2020,2/1/2020,STD,0.376,77192619,0.366,128382554,0.01,0.343,0.391
2020-033,2/2/2020,2/9/2020,STD,0.376,88650987,0.366,130660570,0.01,0.345,0.394
2020-041,2/10/2020,2/17/2020,STD,0.376,83279114,0.359,129509639,0.017,0.332,0.379
2020-049,2/18/2020,2/25/2020,STD,0.372,93868624,0.355,132746270,0.017,0.332,0.4
2020-057,2/26/2020,3/4/2020,STD,0.365,99786590,0.354,133463347,0.011,0.329,0.384
2020-065,3/5/2020,3/12/2020,STD,0.364,110320582,0.351,138223208,0.013,0.331,0.391
2020-073,3/13/2020,3/20/2020,STD,0.351,73257872,0.356,140284640,-0.005,0.339,0.387
2020-081,3/21/2020,3/28/2020,STD,0.401,104451107,0.37,142033072,0.031,0.344,0.407
2020-089,3/29/2020,4/5/2020,STD,0.397,110155509,0.385,143092746,0.012,0.335,0.425
2020-097,4/6/2020,4/13/2020,STD,0.425,122711819,0.402,144030372,0.023,0.377,0.443
2020-105,4/14/2020,4/21/2020,STD,0.432,126493335,0.423,147410873,0.009,0.388,0.463
2020-113,4/22/2020,4/29/2020,STD,0.442,125843888,0.447,152162446,-0.005,0.413,0.478
2020-121,4/30/2020,5/7/2020,STD,0.459,138607202,0.463,155305648,-0.004,0.416,0.502
2020-129,5/8/2020,5/15/2020,STD,0.48,135677325,0.484,158410915,-0.004,0.462,0.506
2020-137,5/16/2020,5/23/2020,STD,0.476,119872357,0.501,161934168,-0.025,0.475,0.536
2020-145,5/24/2020,5/31/2020,STD,0.52,146473259,0.518,165163803,0.002,0.493,0.539
2020-153,6/1/2020,6/8/2020,STD,0.526,144962304,0.527,166439907,-0.001,0.497,0.549
2020-161,6/9/2020,6/16/2020,STD,0.542,149005703,0.543,167262493,-0.001,0.52,0.57
2020-169,6/17/2020,6/24/2020,STD,0.544,144042851,0.555,167648468,-0.011,0.527,0.578
2020-177,6/25/2020,7/2/2020,STD,0.55,139572792,0.564,168075347,-0.014,0.537,0.584
2020-185,7/3/2020,7/10/2020,STD,0.573,149125818,0.573,168359211,0,0.55,0.595
2020-193,7/11/2020,7/18/2020,STD,0.583,154442931,0.575,168411641,0.008,0.545,0.591
2020-201,7/19/2020,7/26/2020,STD,0.583,135744983,0.576,168523343,0.007,0.542,0.595
2020-209,7/27/2020,8/3/2020,STD,0.577,142396959,0.575,168695543,0.002,0.523,0.593
2020-217,8/4/2020,8/11/2020,STD,0.58,149393503,0.57,168756004,0.01,0.533,0.586
2020-225,8/12/2020,8/19/2020,STD,0.572,154257660,0.566,168791851,0.006,0.536,0.583
2020-233,8/20/2020,8/27/2020,STD,0.558,146970728,0.564,168785512,-0.006,0.533,0.59
2020-241,8/28/2020,9/4/2020,STD,0.531,141224932,0.55,168796120,-0.019,0.509,0.575
2020-249,9/5/2020,9/12/2020,STD,0.537,150346806,0.536,168781608,0.001,0.513,0.559
2020-257,9/13/2020,9/20/2020,STD,0.502,142153448,0.523,168734539,-0.021,0.492,0.548
2020-265,9/21/2020,9/28/2020,STD,0.497,147262664,0.507,168477990,-0.01,0.474,0.53
2020-273,9/29/2020,10/6/2020,STD,0.48,148511949,0.492,167808193,-0.012,0.459,0.508
2020-281,10/7/2020,10/14/2020,STD,0.461,152025258,0.476,166022262,-0.015,0.455,0.5
2020-289,10/15/2020,10/22/2020,STD,0.454,120861579,0.46,163297886,-0.006,0.439,0.474
2020-297,10/23/2020,10/30/2020,STD,0.428,107871273,0.444,157554566,-0.016,0.424,0.457
2020-305,10/31/2020,11/7/2020,STD,0.42,136716053,0.428,154788191,-0.008,0.411,0.445
2020-313,11/8/2020,11/15/2020,STD,0.418,107530281,0.419,151008456,-0.001,0.405,0.442
2020-321,11/16/2020,11/23/2020,STD,0.394,117896055,0.405,149387756,-0.011,0.39,0.425
2020-329,11/24/2020,12/1/2020,STD,0.391,115433639,0.401,146218369,-0.01,0.384,0.443
2020-337,12/2/2020,12/9/2020,STD,0.385,118950091,0.397,145600841,-0.012,0.367,0.425
2020-345,12/10/2020,12/17/2020,STD,0.397,81849323,0.394,141959008,0.003,0.369,0.417
2020-353,12/18/2020,12/25/2020,STD,0.371,92316332,0.39,137801633,-0.019,0.371,0.423
2020-361,12/26/2020,1/2/2021,STD,0.392,78317313,0.391,133407496,0.001,0.359,0.419
2021-001,1/1/2021,1/8/2021,STD,0.373,76506859,0.387,133465446,-0.014,0.352,0.443
2021-009,1/9/2021,1/16/2021,STD,0.369,91152716,0.375,132776636,-0.006,0.35,0.42
2021-017,1/17/2021,1/24/2021,STD,0.361,92629439,0.372,127877472,-0.011,0.353,0.398
2021-025,1/25/2021,2/1/2021,STD,0.369,66159467,0.366,128382554,0.003,0.343,0.391
2021-033,2/2/2021,2/9/2021,STD,0.36,77807872,0.366,130660570,-0.006,0.345,0.394
2021-041,2/10/2021,2/17/2021,STD,0.353,39427788,0.359,129509639,-0.006,0.332,0.379
2021-049,2/18/2021,2/25/2021,STD,0.352,82643143,0.355,132746270,-0.003,0.332,0.4
2021-057,2/26/2021,3/5/2021,STD,0.34,103075045,0.354,133463347,-0.014,0.329,0.384
2021-065,3/6/2021,3/13/2021,STD,0.339,113999195,0.351,138223208,-0.012,0.331,0.391
2021-073,3/14/2021,3/21/2021,STD,0.353,113741540,0.356,140284640,-0.003,0.339,0.387
2021-081,3/22/2021,3/29/2021,STD,0.368,118427051,0.37,142033072,-0.002,0.344,0.407
2021-089,3/30/2021,4/6/2021,STD,0.378,126633884,0.385,143092746,-0.007,0.335,0.425
2021-097,4/7/2021,4/14/2021,STD,0.4,124344866,0.402,144030372,-0.002,0.377,0.443
2021-105,4/15/2021,4/22/2021,STD,0.417,120004707,0.423,147410873,-0.006,0.388,0.463
2021-113,4/23/2021,4/30/2021,STD,0.43,129893413,0.447,152162446,-0.017,0.413,0.478
2021-121,5/1/2021,5/8/2021,STD,0.456,136002572,0.463,155305648,-0.007,0.416,0.502
2021-129,5/9/2021,5/16/2021,STD,0.468,124877127,0.484,158410915,-0.016,0.462,0.506
2021-137,5/17/2021,5/24/2021,STD,0.479,119846338,0.501,161934168,-0.022,0.475,0.536
2021-145,5/25/2021,6/1/2021,STD,0.512,139727133,0.518,165163803,-0.006,0.493,0.539
2021-153,6/2/2021,6/9/2021,STD,0.497,131084690,0.527,166439907,-0.03,0.497,0.549
2021-161,6/10/2021,6/17/2021,STD,0.542,156614709,0.543,167262493,-0.001,0.52,0.57
2021-169,6/18/2021,6/25/2021,STD,0.546,146382155,0.555,167648468,-0.009,0.527,0.578
2021-177,6/26/2021,7/3/2021,STD,0.571,129526901,0.564,168075347,0.007,0.537,0.584
2021-185,7/4/2021,7/11/2021,STD,0.567,140150940,0.573,168359211,-0.006,0.55,0.595
2021-193,7/12/2021,7/19/2021,STD,0.576,141428769,0.575,168411641,0.001,0.545,0.591
2021-201,7/20/2021,7/27/2021,STD,0.582,140653598,0.576,168523343,0.006,0.542,0.595
2021-209,7/28/2021,8/4/2021,STD,0.588,146831107,0.575,168695543,0.013,0.523,0.593
2021-217,8/5/2021,8/12/2021,STD,0.571,144537637,0.57,168756004,0.001,0.533,0.586
2021-225,8/13/2021,8/20/2021,STD,0.561,131513758,0.566,168791851,-0.005,0.536,0.583
2021-233,8/21/2021,8/28/2021,STD,0.569,147575911,0.564,168785512,0.005,0.533,0.59
2021-241,8/29/2021,9/5/2021,STD,0.561,147280516,0.55,168796120,0.011,0.509,0.575
2021-249,9/6/2021,9/13/2021,STD,0.536,152193009,0.536,168781608,0,0.513,0.559
2021-257,9/14/2021,9/21/2021,STD,0.507,142062262,0.523,168734539,-0.016,0.492,0.548
2021-265,9/22/2021,9/29/2021,STD,0.508,149719241,0.507,168477990,0.001,0.474,0.53
2021-273,9/30/2021,10/7/2021,STD,0.473,132675466,0.492,167808193,-0.019,0.459,0.508
2021-281,10/8/2021,10/15/2021,STD,0.475,128818720,0.476,166022262,-0.001,0.455,0.5
2021-289,10/16/2021,10/23/2021,STD,0.469,138636360,0.46,163297886,0.009,0.439,0.474
2021-297,10/24/2021,10/31/2021,STD,0.457,132322136,0.444,157554566,0.013,0.424,0.457
2021-305,11/1/2021,11/8/2021,STD,0.439,133423302,0.428,154788191,0.011,0.411,0.445
2021-313,11/9/2021,11/16/2021,STD,0.425,116115389,0.419,151008456,0.006,0.405,0.442
2021-321,11/17/2021,11/24/2021,STD,0.412,121577406,0.405,149387756,0.007,0.39,0.425
2021-329,11/25/2021,12/2/2021,STD,0.398,116665071,0.401,146218369,-0.003,0.384,0.443
2021-337,12/3/2021,12/10/2021,STD,0.388,105393330,0.397,145600841,-0.009,0.367,0.425
2021-345,12/11/2021,12/18/2021,STD,0.405,86917975,0.394,141959008,0.011,0.369,0.417
2021-353,12/19/2021,12/26/2021,STD,0.401,88075102,0.39,137801633,0.011,0.371,0.423
2021-361,12/27/2021,1/3/2022,STD,0.387,59931759,0.391,133407496,-0.004,0.359,0.419
2022-001,1/1/2022,1/8/2022,STD,0.406,71527372,0.387,133465446,0.019,0.352,0.443
2022-009,1/9/2022,1/16/2022,STD,0.385,84614572,0.375,132776636,0.01,0.35,0.42
2022-017,1/17/2022,1/24/2022,STD,0.373,80275720,0.372,127877472,0.001,0.353,0.398
2022-025,1/25/2022,2/1/2022,STD,0.371,82195398,0.366,128382554,0.005,0.343,0.391
2022-033,2/2/2022,2/9/2022,STD,0.356,83192570,0.366,130660570,-0.01,0.345,0.394
2022-041,2/10/2022,2/17/2022,STD,0.353,92207182,0.359,129509639,-0.006,0.332,0.379
2022-049,2/18/2022,2/25/2022,STD,0.363,89683820,0.355,132746270,0.008,0.332,0.4
2022-057,2/26/2022,3/5/2022,STD,0.349,91101806,0.354,133463347,-0.005,0.329,0.384
2022-065,3/6/2022,3/13/2022,STD,0.364,92277883,0.351,138223208,0.013,0.331,0.391
2022-073,3/14/2022,3/21/2022,STD,0.346,112956678,0.356,140284640,-0.01,0.339,0.387
2022-081,3/22/2022,3/29/2022,STD,0.353,114949142,0.37,142033072,-0.017,0.344,0.407
2022-089,3/30/2022,4/6/2022,STD,0.335,38322343,0.385,143092746,-0.05,0.335,0.425
2022-097,4/7/2022,4/14/2022,STD,#N/A,#N/A,0.402,144030372,#N/A,0.377,0.443
2022-105,4/15/2022,4/22/2022,STD,0.407,111448328,0.423,147410873,-0.016,0.388,0.463
2022-113,4/23/2022,4/30/2022,STD,0.424,119923539,0.447,152162446,-0.023,0.413,0.478
2022-121,5/1/2022,5/8/2022,STD,0.444,124438388,0.463,155305648,-0.019,0.416,0.502
2022-129,5/9/2022,5/16/2022,STD,0.467,133654968,0.484,158410915,-0.017,0.462,0.506
2022-137,5/17/2022,5/24/2022,STD,0.486,129916506,0.501,161934168,-0.015,0.475,0.536
2022-145,5/25/2022,6/1/2022,STD,0.512,136616804,0.518,165163803,-0.006,0.493,0.539
2022-153,6/2/2022,6/9/2022,STD,0.523,139656653,0.527,166439907,-0.004,0.497,0.549
2022-161,6/10/2022,6/17/2022,STD,0.537,146226692,0.543,167262493,-0.006,0.52,0.57
2022-169,6/18/2022,6/25/2022,STD,0.556,155857222,0.555,167648468,0.001,0.527,0.578
2022-177,6/26/2022,7/3/2022,STD,0.559,143794701,0.564,168075347,-0.005,0.537,0.584
2022-185,7/4/2022,7/11/2022,STD,0.571,148808251,0.573,168359211,-0.002,0.55,0.595
2022-193,7/12/2022,7/19/2022,STD,0.562,142457428,0.575,168411641,-0.013,0.545,0.591
2022-201,7/20/2022,7/27/2022,STD,0.571,144175388,0.576,168523343,-0.005,0.542,0.595
2022-209,7/28/2022,8/4/2022,STD,0.578,147009457,0.575,168695543,0.003,0.523,0.593
2022-217,8/5/2022,8/12/2022,STD,0.575,143211828,0.57,168756004,0.005,0.533,0.586
2022-225,8/13/2022,8/20/2022,STD,0.566,131114571,0.566,168791851,0,0.536,0.583
2022-233,8/21/2022,8/28/2022,STD,0.556,128241070,0.564,168785512,-0.008,0.533,0.59
2022-241,8/29/2022,9/5/2022,STD,0.557,143902326,0.55,168796120,0.007,0.509,0.575
2022-249,9/6/2022,9/13/2022,STD,0.539,145109590,0.536,168781608,0.003,0.513,0.559
2022-257,9/14/2022,9/21/2022,STD,0.535,152233659,0.523,168734539,0.012,0.492,0.548
2022-265,9/22/2022,9/29/2022,STD,0.511,150400343,0.507,168477990,0.004,0.474,0.53
2022-273,9/30/2022,10/7/2022,STD,0.495,153448825,0.492,167808193,0.003,0.459,0.508
2022-281,10/8/2022,10/15/2022,STD,0.462,143125226,0.476,166022262,-0.014,0.455,0.5
2022-289,10/16/2022,10/23/2022,STD,0.44,140093480,0.46,163297886,-0.02,0.439,0.474
2022-297,10/24/2022,10/31/2022,STD,0.424,119799557,0.444,157554566,-0.02,0.424,0.457
2022-305,11/1/2022,11/8/2022,STD,0.413,112236469,0.428,154788191,-0.015,0.411,0.445
2022-313,11/9/2022,11/16/2022,STD,0.435,91515028,0.419,151008456,0.016,0.405,0.442
2022-321,11/17/2022,11/24/2022,STD,0.41,92928505,0.405,149387756,0.005,0.39,0.425
2022-329,11/25/2022,12/2/2022,STD,0.403,94441132,0.401,146218369,0.002,0.384,0.443
